Skola,skkods,Priekšmets,Kopvērtējums
Ādažu vidusskola,1133301,ANG12,65.30%
Ādažu vidusskola,1133301,MAT12,55.59%
Ādažu vidusskola,1133301,LAT12,56.57%
Āgenskalna Valsts ģimnāzija,8761103,ANG12,79.10%
Āgenskalna Valsts ģimnāzija,8761103,MAT12,69.09%
Āgenskalna Valsts ģimnāzija,8761103,LAT12,78.76%
Aglonas internātvidusskola,181401,ANG12,29.55%
Aglonas internātvidusskola,181401,MAT12,21.25%
Aglonas internātvidusskola,181401,LAT12,55.92%
Aglonas Katoļu ģimnāzija,151402,MAT12,46.25%
Aglonas Katoļu ģimnāzija,151402,LAT12,60.55%
Aglonas vidusskola,131403,ANG12,60.31%
Aglonas vidusskola,131403,MAT12,54.44%
Aglonas vidusskola,131403,LAT12,65.35%
Aizkraukles 1. vidusskola,233301,ANG12,52.97%
Aizkraukles 1. vidusskola,233301,MAT12,37.58%
Aizkraukles 1. vidusskola,233301,LAT12,43.19%
Aizkraukles novada ģimnāzija,251303,ANG12,64.15%
Aizkraukles novada ģimnāzija,251303,MAT12,50.08%
Aizkraukles novada ģimnāzija,251303,LAT12,60.52%
Aizkraukles Profesionālā vidusskola,271309,ANG12,31.80%
Aizkraukles Profesionālā vidusskola,271309,MAT12,34.67%
Aizkraukles Profesionālā vidusskola,271309,LAT12,34.52%
Aizkraukles Vakara (maiņu) vidusskola,241306,ANG12,46.36%
Aizkraukles Vakara (maiņu) vidusskola,241306,MAT12,26.40%
Aizkraukles Vakara (maiņu) vidusskola,241306,LAT12,44.05%
Aizputes novada Neklātienes vidusskolas Aizputes konsult. punkts,341302,ANG12,58.50%
Aizputes novada Neklātienes vidusskolas Aizputes konsult. punkts,341302,MAT12,38.75%
Aizputes novada Neklātienes vidusskolas Aizputes konsult. punkts,341302,LAT12,49.62%
Aizputes novada Neklātienes vidusskolas Cīravas konsult. punkts,341403,ANG12,28.18%
Aizputes novada Neklātienes vidusskolas Cīravas konsult. punkts,341403,MAT12,28.33%
Aizputes novada Neklātienes vidusskolas Cīravas konsult. punkts,341403,LAT12,40.33%
Aizputes novada Neklātienes vidusskolas Grobiņas konsult. punkts,341314,ANG12,27.58%
Aizputes novada Neklātienes vidusskolas Grobiņas konsult. punkts,341314,MAT12,23.75%
Aizputes novada Neklātienes vidusskolas Grobiņas konsult. punkts,341314,LAT12,51.55%
Aizputes novada Neklātienes vidusskolas Nīcas konsultpunkts,341404,ANG12,49.43%
Aizputes novada Neklātienes vidusskolas Nīcas konsultpunkts,341404,MAT12,24.22%
Aizputes novada Neklātienes vidusskolas Nīcas konsultpunkts,341404,LAT12,60.69%
Aizputes vidusskola,331306,ANG12,51.63%
Aizputes vidusskola,331306,MAT12,46.94%
Aizputes vidusskola,331306,LAT12,63.22%
Aknīstes vidusskola,431301,ANG12,65.72%
Aknīstes vidusskola,431301,MAT12,42.89%
Aknīstes vidusskola,431301,LAT12,62.95%
Alfrēda Kalniņa Cēsu Mūzikas vidusskola,2271302,ANG12,48.76%
Alfrēda Kalniņa Cēsu Mūzikas vidusskola,2271302,MAT12,36.12%
Alfrēda Kalniņa Cēsu Mūzikas vidusskola,2271302,LAT12,60.77%
Alojas Ausekļa vidusskola,531301,ANG12,49.64%
Alojas Ausekļa vidusskola,531301,MAT12,33.33%
Alojas Ausekļa vidusskola,531301,LAT12,62.84%
Alsungas vidusskola,631301,ANG12,29.72%
Alsungas vidusskola,631301,MAT12,27.97%
Alsungas vidusskola,631301,LAT12,52.08%
Alūksnes novada vidusskola,731323,ANG12,38.10%
Alūksnes novada vidusskola,731323,MAT12,25.18%
Alūksnes novada vidusskola,731323,LAT12,49.04%
Andreja Eglīša Ļaudonas vidusskola,6331413,ANG12,48.29%
Andreja Eglīša Ļaudonas vidusskola,6331413,MAT12,35.86%
Andreja Eglīša Ļaudonas vidusskola,6331413,LAT12,43.12%
Andreja Upīša Skrīveru vidusskola,10231401,ANG12,61.52%
Andreja Upīša Skrīveru vidusskola,10231401,MAT12,60.69%
Andreja Upīša Skrīveru vidusskola,10231401,LAT12,63.77%
Ata Kronvalda Durbes vidusskola,2931302,ANG12,53.84%
Ata Kronvalda Durbes vidusskola,2931302,MAT12,36.74%
Ata Kronvalda Durbes vidusskola,2931302,LAT12,49.32%
Auces vidusskola,1031301,ANG12,51.97%
Auces vidusskola,1031301,MAT12,45.55%
Auces vidusskola,1031301,LAT12,56.61%
Augstkalnes vidusskola,10831402,ANG12,43.37%
Augstkalnes vidusskola,10831402,MAT12,40.76%
Augstkalnes vidusskola,10831402,LAT12,54.81%
Babītes vidusskola,1231402,ANG12,69.79%
Babītes vidusskola,1231402,MAT12,68.22%
Babītes vidusskola,1231402,LAT12,56.84%
Baldones vidusskola,1331302,ANG12,66.28%
Baldones vidusskola,1331302,MAT12,48.51%
Baldones vidusskola,1331302,LAT12,66.48%
Baltinavas vidusskola,1431302,ANG12,55.86%
Baltinavas vidusskola,1431302,MAT12,56.09%
Baltinavas vidusskola,1431302,LAT12,64.58%
Balvu AMAT12niecības vidusskola,1531302,ANG12,51.68%
Balvu AMAT12niecības vidusskola,1531302,MAT12,44.98%
Balvu AMAT12niecības vidusskola,1531302,LAT12,51.56%
Balvu Valsts ģimnāzija,1561305,ANG12,65.28%
Balvu Valsts ģimnāzija,1561305,MAT12,51.89%
Balvu Valsts ģimnāzija,1561305,LAT12,66.64%
Barkavas Profesionālā vidusskola,6371401,ANG12,32.17%
Barkavas Profesionālā vidusskola,6371401,MAT12,25.31%
Barkavas Profesionālā vidusskola,6371401,LAT12,40.94%
Bauskas 2. vidusskola,1631302,ANG12,61.48%
Bauskas 2. vidusskola,1631302,MAT12,49.94%
Bauskas 2. vidusskola,1631302,LAT12,53.06%
Bauskas Valsts ģimnāzija,1661301,ANG12,71.52%
Bauskas Valsts ģimnāzija,1661301,MAT12,62.74%
Bauskas Valsts ģimnāzija,1661301,LAT12,65.56%
Bebrenes Profesionālā vidusskola,3771401,ANG12,37.46%
Bebrenes Profesionālā vidusskola,3771401,MAT12,31.87%
Bebrenes Profesionālā vidusskola,3771401,LAT12,49.05%
Bebrenes vidusskola,3731402,ANG12,63.75%
Bebrenes vidusskola,3731402,MAT12,67.58%
Bebrenes vidusskola,3731402,LAT12,79.40%
Bēnes vidusskola,1031402,ANG12,41.74%
Bēnes vidusskola,1031402,MAT12,23.21%
Bēnes vidusskola,1031402,LAT12,49.60%
Bērzpils vidusskola,1531407,ANG12,60.54%
Bērzpils vidusskola,1531407,MAT12,55.26%
Bērzpils vidusskola,1531407,LAT12,69.44%
Biznesa un vadības privātvidusskola,8633102,ANG12,45.83%
Biznesa un vadības privātvidusskola,8633102,MAT12,16.25%
Biznesa un vadības privātvidusskola,8633102,LAT12,28.55%
Brāļu Skrindu Atašienes vidusskola,5231402,ANG12,31.17%
Brāļu Skrindu Atašienes vidusskola,5231402,MAT12,62.65%
Brāļu Skrindu Atašienes vidusskola,5231402,LAT12,61.11%
Brocēnu vidusskola,1831302,ANG12,59.91%
Brocēnu vidusskola,1831302,MAT12,44.69%
Brocēnu vidusskola,1831302,LAT12,59.04%
Burtnieku Ausekļa vidusskola,1931401,ANG12,52.70%
Burtnieku Ausekļa vidusskola,1931401,MAT12,48.66%
Burtnieku Ausekļa vidusskola,1931401,LAT12,70.23%
Cēsu 2. vidusskola,2231306,ANG12,46.24%
Cēsu 2. vidusskola,2231306,MAT12,24.04%
Cēsu 2. vidusskola,2231306,LAT12,55.86%
Cēsu 2. vidusskolas Vecpiebalgas konsultpunkts,11631401,ANG12,42.47%
Cēsu 2. vidusskolas Vecpiebalgas konsultpunkts,11631401,MAT12,17.68%
Cēsu 2. vidusskolas Vecpiebalgas konsultpunkts,11631401,LAT12,41.34%
Cēsu Profesionālā vidusskola,2271311,ANG12,41.20%
Cēsu Profesionālā vidusskola,2271311,MAT12,31.19%
Cēsu Profesionālā vidusskola,2271311,LAT12,44.95%
Cēsu Valsts ģimnāzija,2261313,ANG12,70.28%
Cēsu Valsts ģimnāzija,2261313,MAT12,61.78%
Cēsu Valsts ģimnāzija,2261313,LAT12,74.10%
Cesvaines vidusskola,2131302,ANG12,62.51%
Cesvaines vidusskola,2131302,MAT12,56.33%
Cesvaines vidusskola,2131302,LAT12,71.92%
Ciblas vidusskola,2331402,ANG12,54.35%
Ciblas vidusskola,2331402,MAT12,46.99%
Ciblas vidusskola,2331402,LAT12,66.16%
Cīravas Profesionālā vidusskola,371408,ANG12,30.35%
Cīravas Profesionālā vidusskola,371408,MAT12,22.86%
Cīravas Profesionālā vidusskola,371408,LAT12,39.87%
Dagdas vidusskola,2431306,ANG12,59.29%
Dagdas vidusskola,2431306,MAT12,51.48%
Dagdas vidusskola,2431306,LAT12,62.31%
Daugavpils 10. vidusskola,2632203,ANG12,59.49%
Daugavpils 10. vidusskola,2632203,MAT12,55.55%
Daugavpils 10. vidusskola,2632203,LAT12,44.73%
Daugavpils 12. vidusskola,2631205,ANG12,55.92%
Daugavpils 12. vidusskola,2631205,MAT12,42.04%
Daugavpils 12. vidusskola,2631205,LAT12,57.38%
Daugavpils 13. vidusskola,2633206,ANG12,63.81%
Daugavpils 13. vidusskola,2633206,MAT12,67.91%
Daugavpils 13. vidusskola,2633206,LAT12,40.18%
Daugavpils 15. vidusskola,2632207,ANG12,47.83%
Daugavpils 15. vidusskola,2632207,MAT12,60.23%
Daugavpils 15. vidusskola,2632207,LAT12,44.83%
Daugavpils 16. vidusskola,2633208,ANG12,52.91%
Daugavpils 16. vidusskola,2633208,MAT12,54.40%
Daugavpils 16. vidusskola,2633208,LAT12,42.77%
Daugavpils 17. vidusskola,2633209,ANG12,27.92%
Daugavpils 17. vidusskola,2633209,MAT12,26.25%
Daugavpils 17. vidusskola,2633209,LAT12,33.36%
Daugavpils 3. vidusskola,2632210,ANG12,67.78%
Daugavpils 3. vidusskola,2632210,MAT12,69.36%
Daugavpils 3. vidusskola,2632210,LAT12,49.21%
Daugavpils 9. vidusskola,2633215,ANG12,65.42%
Daugavpils 9. vidusskola,2633215,MAT12,68.05%
Daugavpils 9. vidusskola,2633215,LAT12,49.30%
Daugavpils Celtnieku profesionālā vidusskola,2671216,ANG12,23.97%
Daugavpils Celtnieku profesionālā vidusskola,2671216,MAT12,16.62%
Daugavpils Celtnieku profesionālā vidusskola,2671216,LAT12,19.05%
Daugavpils Centra vidusskola,2632290,ANG12,54.00%
Daugavpils Centra vidusskola,2632290,MAT12,60.65%
Daugavpils Centra vidusskola,2632290,LAT12,41.70%
"Daugavpils Dizaina un mākslas vidusskola ""Saules skola""",2671219,ANG12,32.53%
"Daugavpils Dizaina un mākslas vidusskola ""Saules skola""",2671219,MAT12,25.65%
"Daugavpils Dizaina un mākslas vidusskola ""Saules skola""",2671219,LAT12,44.44%
Daugavpils Krievu vidusskola - licejs,2652217,ANG12,76.31%
Daugavpils Krievu vidusskola - licejs,2652217,MAT12,79.93%
Daugavpils Krievu vidusskola - licejs,2652217,LAT12,70.69%
Daugavpils Mūzikas vidusskola,2671221,ANG12,51.79%
Daugavpils Mūzikas vidusskola,2671221,MAT12,54.18%
Daugavpils Mūzikas vidusskola,2671221,LAT12,57.84%
Daugavpils Profesionālā vidusskola,2671231,ANG12,30.49%
Daugavpils Profesionālā vidusskola,2671231,MAT12,26.13%
Daugavpils Profesionālā vidusskola,2671231,LAT12,31.23%
Daugavpils Universitāte,2691228,ANG12,44.98%
Daugavpils Valsts ģimnāzija,2661226,ANG12,68.74%
Daugavpils Valsts ģimnāzija,2661226,MAT12,69.99%
Daugavpils Valsts ģimnāzija,2661226,LAT12,73.27%
Dāvja Ozoliņa Apes vidusskola,931301,ANG12,63.32%
Dāvja Ozoliņa Apes vidusskola,931301,MAT12,45.55%
Dāvja Ozoliņa Apes vidusskola,931301,LAT12,59.65%
Dobeles 1. vidusskola,2731307,ANG12,50.95%
Dobeles 1. vidusskola,2731307,MAT12,34.48%
Dobeles 1. vidusskola,2731307,LAT12,52.63%
Dobeles AMAT12niecības un vispārizglītojošā vidusskola,2771322,ANG12,39.90%
Dobeles AMAT12niecības un vispārizglītojošā vidusskola,2771322,MAT12,16.65%
Dobeles AMAT12niecības un vispārizglītojošā vidusskola,2771322,LAT12,36.46%
Dobeles AMAT12niecības un vispārizglītojošā vidusskola. Apguldes mācību komplekss.,2771402,ANG12,31.09%
Dobeles AMAT12niecības un vispārizglītojošā vidusskola. Apguldes mācību komplekss.,2771402,MAT12,14.64%
Dobeles AMAT12niecības un vispārizglītojošā vidusskola. Apguldes mācību komplekss.,2771402,LAT12,32.22%
Dobeles Valsts ģimnāzija,2761312,ANG12,72.99%
Dobeles Valsts ģimnāzija,2761312,MAT12,65.36%
Dobeles Valsts ģimnāzija,2761312,LAT12,66.40%
Draudzīgā Aicinājuma Cēsu Valsts ģimnāzija,2261314,ANG12,70.25%
Draudzīgā Aicinājuma Cēsu Valsts ģimnāzija,2261314,MAT12,53.31%
Draudzīgā Aicinājuma Cēsu Valsts ģimnāzija,2261314,LAT12,72.68%
Draudzīgā aicinājuma Liepājas pilsētas 5. vidusskola,5731201,ANG12,62.16%
Draudzīgā aicinājuma Liepājas pilsētas 5. vidusskola,5731201,MAT12,48.37%
Draudzīgā aicinājuma Liepājas pilsētas 5. vidusskola,5731201,LAT12,69.39%
Dricānu vidusskola,8031406,ANG12,58.59%
Dricānu vidusskola,8031406,MAT12,44.78%
Dricānu vidusskola,8031406,LAT12,45.04%
Dundagas vidusskola,2831401,ANG12,70.97%
Dundagas vidusskola,2831401,MAT12,51.96%
Dundagas vidusskola,2831401,LAT12,65.00%
Dzērbenes vidusskola,11631402,ANG12,44.91%
Dzērbenes vidusskola,11631402,MAT12,16.25%
Dzērbenes vidusskola,11631402,LAT12,49.99%
Edgara Kauliņa Lielvārdes vidusskola,5631301,ANG12,71.41%
Edgara Kauliņa Lielvārdes vidusskola,5631301,MAT12,49.37%
Edgara Kauliņa Lielvārdes vidusskola,5631301,LAT12,69.15%
Eiropas Tālmācības vidusskola,8543151,ANG12,54.19%
Eiropas Tālmācības vidusskola,8543151,MAT12,24.00%
Eiropas Tālmācības vidusskola,8543151,LAT12,35.94%
Elejas vidusskola,4231402,ANG12,70.74%
Elejas vidusskola,4231402,MAT12,57.02%
Elejas vidusskola,4231402,LAT12,58.93%
Emīla Dārziņa mūzikas vidusskola,8471104,ANG12,73.70%
Emīla Dārziņa mūzikas vidusskola,8471104,MAT12,48.44%
Emīla Dārziņa mūzikas vidusskola,8471104,LAT12,69.81%
Emiļa Melngaiļa Liepājas mūzikas vidusskola,5771202,ANG12,56.30%
Emiļa Melngaiļa Liepājas mūzikas vidusskola,5771202,MAT12,30.72%
Emiļa Melngaiļa Liepājas mūzikas vidusskola,5771202,LAT12,62.38%
Engures vidusskola,3031401,ANG12,48.46%
Engures vidusskola,3031401,MAT12,35.79%
Engures vidusskola,3031401,LAT12,65.51%
Ērgļu Profesionālā vidusskola,3171401,ANG12,34.36%
Ērgļu Profesionālā vidusskola,3171401,MAT12,14.51%
Ērgļu Profesionālā vidusskola,3171401,LAT12,41.92%
Ērgļu vidusskola,3131402,ANG12,62.47%
Ērgļu vidusskola,3131402,MAT12,52.35%
Ērgļu vidusskola,3131402,LAT12,69.40%
Ernsta Glika Alūksnes Valsts ģimnāzija,761309,ANG12,74.37%
Ernsta Glika Alūksnes Valsts ģimnāzija,761309,MAT12,56.25%
Ernsta Glika Alūksnes Valsts ģimnāzija,761309,LAT12,68.75%
Ezernieku vidusskola,2431407,ANG12,65.02%
Ezernieku vidusskola,2431407,MAT12,61.62%
Ezernieku vidusskola,2431407,LAT12,55.66%
Garkalnes Mākslu un vispārizglītojošā vidusskola,3231303,ANG12,54.76%
Garkalnes Mākslu un vispārizglītojošā vidusskola,3231303,MAT12,25.98%
Garkalnes Mākslu un vispārizglītojošā vidusskola,3231303,LAT12,41.03%
Grobiņas ģimnāzija,3351303,ANG12,69.11%
Grobiņas ģimnāzija,3351303,MAT12,61.52%
Grobiņas ģimnāzija,3351303,LAT12,68.35%
Gulbenes 2. vidusskola,3431304,ANG12,52.34%
Gulbenes 2. vidusskola,3431304,MAT12,37.65%
Gulbenes 2. vidusskola,3431304,LAT12,54.49%
Gulbenes novada valsts ģimnāzija,3461306,ANG12,75.14%
Gulbenes novada valsts ģimnāzija,3461306,MAT12,64.88%
Gulbenes novada valsts ģimnāzija,3461306,LAT12,67.72%
Gulbenes Vakara (maiņu) vidusskola,3441307,ANG12,37.70%
Gulbenes Vakara (maiņu) vidusskola,3441307,MAT12,25.26%
Gulbenes Vakara (maiņu) vidusskola,3441307,LAT12,38.18%
Gulbenes vakara (maiņu) vidusskolas Rankas konsult. punkts,3441408,ANG12,40.68%
Gulbenes vakara (maiņu) vidusskolas Rankas konsult. punkts,3441408,MAT12,20.89%
Gulbenes vakara (maiņu) vidusskolas Rankas konsult. punkts,3441408,LAT12,42.87%
Gulbenes vidusskola,3431309,ANG12,52.25%
Gulbenes vidusskola,3431309,MAT12,38.06%
Gulbenes vidusskola,3431309,LAT12,50.68%
Gulbīša vidusskola,3431410,ANG12,55.44%
Gulbīša vidusskola,3431410,MAT12,67.50%
Gulbīša vidusskola,3431410,LAT12,69.02%
Habad Ebreju privātā vidusskola,8532102,ANG12,65.21%
Habad Ebreju privātā vidusskola,8532102,MAT12,67.34%
Habad Ebreju privātā vidusskola,8532102,LAT12,44.44%
Humanitārā privātģimnāzija,8531103,ANG12,65.16%
Humanitārā privātģimnāzija,8531103,MAT12,36.35%
Humanitārā privātģimnāzija,8531103,LAT12,48.85%
Iecavas vidusskola,3531303,ANG12,64.01%
Iecavas vidusskola,3531303,MAT12,48.51%
Iecavas vidusskola,3531303,LAT12,60.48%
Ikšķiles vidusskola,3631301,ANG12,76.41%
Ikšķiles vidusskola,3631301,MAT12,54.57%
Ikšķiles vidusskola,3631301,LAT12,60.75%
Ilmāra Gaiša Kokneses vidusskola,4931403,ANG12,74.12%
Ilmāra Gaiša Kokneses vidusskola,4931403,MAT12,53.30%
Ilmāra Gaiša Kokneses vidusskola,4931403,LAT12,65.26%
Ilūkstes 1. vidusskola,3731304,ANG12,63.30%
Ilūkstes 1. vidusskola,3731304,MAT12,64.91%
Ilūkstes 1. vidusskola,3731304,LAT12,70.71%
Ilūkstes Sadraudzības vidusskola,3733307,ANG12,33.75%
Ilūkstes Sadraudzības vidusskola,3733307,MAT12,31.92%
Ilūkstes Sadraudzības vidusskola,3733307,LAT12,31.41%
"Informācijas sistēmu menedžmenta augstskolas vidusskola ""PREMJERS""",8532104,ANG12,59.39%
"Informācijas sistēmu menedžmenta augstskolas vidusskola ""PREMJERS""",8532104,MAT12,38.99%
"Informācijas sistēmu menedžmenta augstskolas vidusskola ""PREMJERS""",8532104,LAT12,38.97%
Irlavas vidusskola,10931404,ANG12,42.55%
Irlavas vidusskola,10931404,MAT12,35.23%
Irlavas vidusskola,10931404,LAT12,49.54%
Īslīces vidusskola,1631411,ANG12,54.30%
Īslīces vidusskola,1631411,MAT12,58.61%
Īslīces vidusskola,1631411,LAT12,65.74%
Istras vidusskola,6233403,ANG12,51.81%
Istras vidusskola,6233403,MAT12,50.39%
Istras vidusskola,6233403,LAT12,40.76%
J. Čakstes Liepājas pilsētas 10. vidusskola,5731203,ANG12,65.62%
J. Čakstes Liepājas pilsētas 10. vidusskola,5731203,MAT12,44.34%
J. Čakstes Liepājas pilsētas 10. vidusskola,5731203,LAT12,60.80%
J. Raiņa Daugavpils 6. vidusskola,2632228,ANG12,43.33%
J. Raiņa Daugavpils 6. vidusskola,2632228,MAT12,53.78%
J. Raiņa Daugavpils 6. vidusskola,2632228,LAT12,36.52%
J.Pilsudska Daugavpils valsts poļu ģimnāzija,2654229,ANG12,57.69%
J.Pilsudska Daugavpils valsts poļu ģimnāzija,2654229,MAT12,59.29%
J.Pilsudska Daugavpils valsts poļu ģimnāzija,2654229,LAT12,54.37%
Jāņa Ivanova Rēzeknes mūzikas vidusskola,8171201,ANG12,47.91%
Jāņa Ivanova Rēzeknes mūzikas vidusskola,8171201,MAT12,40.62%
Jāņa Ivanova Rēzeknes mūzikas vidusskola,8171201,LAT12,68.38%
Jaņa Rozentāla Rīgas Mākslas vidusskola,8471102,ANG12,72.40%
Jaņa Rozentāla Rīgas Mākslas vidusskola,8471102,MAT12,53.83%
Jaņa Rozentāla Rīgas Mākslas vidusskola,8471102,LAT12,75.64%
Jaungulbenes Professionālā vidusskola,3471411,ANG12,37.14%
Jaungulbenes Professionālā vidusskola,3471411,MAT12,21.74%
Jaungulbenes Professionālā vidusskola,3471411,LAT12,49.48%
Jaunjelgavas vidusskola,3931302,ANG12,57.41%
Jaunjelgavas vidusskola,3931302,MAT12,39.23%
Jaunjelgavas vidusskola,3931302,LAT12,60.67%
Jaunogres vidusskola,7033301,ANG12,60.16%
Jaunogres vidusskola,7033301,MAT12,65.00%
Jaunogres vidusskola,7033301,LAT12,52.61%
Jaunpiebalgas vidusskola,4031401,ANG12,49.50%
Jaunpiebalgas vidusskola,4031401,MAT12,32.89%
Jaunpiebalgas vidusskola,4031401,LAT12,56.77%
Jaunpils vidusskola,4131401,ANG12,53.15%
Jaunpils vidusskola,4131401,MAT12,45.12%
Jaunpils vidusskola,4131401,LAT12,59.55%
Jāzepa Mediņa Rīgas Mūzikas vidusskola,8671101,ANG12,72.07%
Jāzepa Mediņa Rīgas Mūzikas vidusskola,8671101,MAT12,46.15%
Jāzepa Mediņa Rīgas Mūzikas vidusskola,8671101,LAT12,71.64%
Jēkabpils 2. vidusskola,4532201,ANG12,50.30%
Jēkabpils 2. vidusskola,4532201,MAT12,50.78%
Jēkabpils 2. vidusskola,4532201,LAT12,47.58%
Jēkabpils 3. vidusskola,4531202,ANG12,55.54%
Jēkabpils 3. vidusskola,4531202,MAT12,43.71%
Jēkabpils 3. vidusskola,4531202,LAT12,62.33%
Jēkabpils Agrobiznesa koledža,4571203,ANG12,53.65%
Jēkabpils Agrobiznesa koledža,4571203,MAT12,45.31%
Jēkabpils Agrobiznesa koledža,4571203,LAT12,58.25%
Jēkabpils vakara vidusskola,4543206,ANG12,46.07%
Jēkabpils vakara vidusskola,4543206,MAT12,21.76%
Jēkabpils vakara vidusskola,4543206,LAT12,39.87%
Jēkabpils Valsts ģimnāzija,4561207,ANG12,67.07%
Jēkabpils Valsts ģimnāzija,4561207,MAT12,61.07%
Jēkabpils Valsts ģimnāzija,4561207,LAT12,75.46%
Jelgavas 4. vidusskola,4331207,ANG12,58.22%
Jelgavas 4. vidusskola,4331207,MAT12,39.12%
Jelgavas 4. vidusskola,4331207,LAT12,52.43%
Jelgavas 5. vidusskola,4333208,ANG12,64.80%
Jelgavas 5. vidusskola,4333208,MAT12,64.37%
Jelgavas 5. vidusskola,4333208,LAT12,52.47%
Jelgavas 6. vidusskola,4333209,ANG12,55.83%
Jelgavas 6. vidusskola,4333209,MAT12,53.34%
Jelgavas 6. vidusskola,4333209,LAT12,47.75%
Jelgavas AMAT12u vidusskola,4371211,ANG12,43.44%
Jelgavas AMAT12u vidusskola,4371211,MAT12,23.40%
Jelgavas AMAT12u vidusskola,4371211,LAT12,41.99%
Jelgavas Mūzikas vidusskola,4371212,ANG12,59.29%
Jelgavas Mūzikas vidusskola,4371212,MAT12,41.35%
Jelgavas Mūzikas vidusskola,4371212,LAT12,57.45%
Jelgavas novada Neklātienes vidusskola,4241213,ANG12,45.35%
Jelgavas novada Neklātienes vidusskola,4241213,MAT12,20.39%
Jelgavas novada Neklātienes vidusskola,4241213,LAT12,40.20%
Jelgavas novada Neklātienes vidusskolas Svētes konsult. punkts,4241406,ANG12,55.89%
Jelgavas novada Neklātienes vidusskolas Svētes konsult. punkts,4241406,MAT12,21.54%
Jelgavas novada Neklātienes vidusskolas Svētes konsult. punkts,4241406,LAT12,45.48%
Jelgavas novada Neklātienes vidusskolas Šķibes konsult. punkts,4241407,MAT12,27.14%
Jelgavas novada Neklātienes vidusskolas Šķibes konsult. punkts,4241407,LAT12,34.52%
Jelgavas Spīdolas ģimnāzija,4351216,ANG12,70.66%
Jelgavas Spīdolas ģimnāzija,4351216,MAT12,50.12%
Jelgavas Spīdolas ģimnāzija,4351216,LAT12,69.31%
Jelgavas Tehnikums,4371222,ANG12,36.45%
Jelgavas Tehnikums,4371222,MAT12,19.46%
Jelgavas Tehnikums,4371222,LAT12,39.33%
Jelgavas Tehnoloģiju vidusskola,4331201,ANG12,59.15%
Jelgavas Tehnoloģiju vidusskola,4331201,MAT12,41.56%
Jelgavas Tehnoloģiju vidusskola,4331201,LAT12,55.14%
Jelgavas Vakara (maiņu) vidusskola,4341217,ANG12,48.62%
Jelgavas Vakara (maiņu) vidusskola,4341217,MAT12,30.45%
Jelgavas Vakara (maiņu) vidusskola,4341217,LAT12,42.26%
Jelgavas Vakara (maiņu) vidusskola Jelgavas cietums,4324318,MAT12,32.32%
Jelgavas Vakara (maiņu) vidusskola Jelgavas cietums,4324318,LAT12,43.49%
Jelgavas Valsts ģimnāzija,4361218,ANG12,73.58%
Jelgavas Valsts ģimnāzija,4361218,MAT12,59.64%
Jelgavas Valsts ģimnāzija,4361218,LAT12,67.84%
Jumpravas vidusskola,5631403,ANG12,44.44%
Jumpravas vidusskola,5631403,MAT12,41.50%
Jumpravas vidusskola,5631403,LAT12,62.11%
Jūrmalas pilsētas Jaundubultu vidusskola,4633203,ANG12,49.39%
Jūrmalas pilsētas Jaundubultu vidusskola,4633203,MAT12,40.94%
Jūrmalas pilsētas Jaundubultu vidusskola,4633203,LAT12,36.64%
Jūrmalas pilsētas Kauguru vidusskola,4632204,ANG12,57.17%
Jūrmalas pilsētas Kauguru vidusskola,4632204,MAT12,48.46%
Jūrmalas pilsētas Kauguru vidusskola,4632204,LAT12,44.97%
Jūrmalas pilsētas Lielupes vidusskola,4631205,ANG12,72.69%
Jūrmalas pilsētas Lielupes vidusskola,4631205,MAT12,35.44%
Jūrmalas pilsētas Lielupes vidusskola,4631205,LAT12,54.99%
Jūrmalas pilsētas Mežmalas vidusskola,4632206,ANG12,52.93%
Jūrmalas pilsētas Mežmalas vidusskola,4632206,MAT12,43.75%
Jūrmalas pilsētas Mežmalas vidusskola,4632206,LAT12,31.57%
Jūrmalas vakara vidusskola,4643210,ANG12,48.85%
Jūrmalas vakara vidusskola,4643210,MAT12,29.62%
Jūrmalas vakara vidusskola,4643210,LAT12,43.13%
Jūrmalas Valsts ģimnāzija,4661211,ANG12,67.00%
Jūrmalas Valsts ģimnāzija,4661211,MAT12,54.09%
Jūrmalas Valsts ģimnāzija,4661211,LAT12,57.68%
Kalnciema pagasta vidusskola,4231309,ANG12,38.47%
Kalnciema pagasta vidusskola,4231309,MAT12,30.62%
Kalnciema pagasta vidusskola,4231309,LAT12,46.85%
Kalnciema vidusskola,4231410,ANG12,43.58%
Kalnciema vidusskola,4231410,MAT12,40.83%
Kalnciema vidusskola,4231410,LAT12,60.28%
Kandavas internātvidusskola,4781302,ANG12,56.98%
Kandavas internātvidusskola,4781302,MAT12,35.54%
Kandavas internātvidusskola,4781302,LAT12,50.18%
Kandavas Kārļa Mīlenbaha vidusskola,4731303,ANG12,55.76%
Kandavas Kārļa Mīlenbaha vidusskola,4731303,MAT12,51.65%
Kandavas Kārļa Mīlenbaha vidusskola,4731303,LAT12,61.74%
Kārsavas vidusskola,4831302,ANG12,59.98%
Kārsavas vidusskola,4831302,MAT12,61.75%
Kārsavas vidusskola,4831302,LAT12,68.20%
Kaunatas vidusskola,8033412,ANG12,51.72%
Kaunatas vidusskola,8033412,MAT12,50.36%
Kaunatas vidusskola,8033412,LAT12,50.52%
Krāslavas Valsts ģimnāzija,5061308,ANG12,56.45%
Krāslavas Valsts ģimnāzija,5061308,MAT12,50.64%
Krāslavas Valsts ģimnāzija,5061308,LAT12,64.80%
Krāslavas Varavīksnes vidusskola,5033309,ANG12,44.26%
Krāslavas Varavīksnes vidusskola,5033309,MAT12,56.33%
Krāslavas Varavīksnes vidusskola,5033309,LAT12,39.64%
Krimuldas vidusskola,5131402,ANG12,65.14%
Krimuldas vidusskola,5131402,MAT12,45.05%
Krimuldas vidusskola,5131402,LAT12,60.81%
Kuldīgas 2. vidusskola,5331303,ANG12,43.01%
Kuldīgas 2. vidusskola,5331303,MAT12,27.85%
Kuldīgas 2. vidusskola,5331303,LAT12,50.09%
Kuldīgas Centra vidusskola,5331305,ANG12,52.61%
Kuldīgas Centra vidusskola,5331305,MAT12,52.54%
Kuldīgas Centra vidusskola,5331305,LAT12,63.84%
Kuldīgas Mākslas un humanitāro zinību vidusskola,5331306,ANG12,57.61%
Kuldīgas Mākslas un humanitāro zinību vidusskola,5331306,MAT12,46.25%
Kuldīgas Mākslas un humanitāro zinību vidusskola,5331306,LAT12,64.38%
Kuldīgas Tehnoloģiju un tūrisma tehnikums,5371308,ANG12,35.40%
Kuldīgas Tehnoloģiju un tūrisma tehnikums,5371308,MAT12,20.30%
Kuldīgas Tehnoloģiju un tūrisma tehnikums,5371308,LAT12,42.52%
Ķeguma komercnovirziena vidusskola,5431302,ANG12,70.13%
Ķeguma komercnovirziena vidusskola,5431302,MAT12,56.20%
Ķeguma komercnovirziena vidusskola,5431302,LAT12,72.56%
Ķekavas vidusskola,5531403,ANG12,79.06%
Ķekavas vidusskola,5531403,MAT12,56.72%
Ķekavas vidusskola,5531403,LAT12,70.64%
Laidzes Profesionālā vidusskola,10771403,ANG12,38.27%
Laidzes Profesionālā vidusskola,10771403,MAT12,25.85%
Laidzes Profesionālā vidusskola,10771403,LAT12,39.24%
Latvijas Jūras akadēmijas Jūrskola,8471107,ANG12,61.02%
Latvijas Jūras akadēmijas Jūrskola,8471107,MAT12,45.71%
Latvijas Jūras akadēmijas Jūrskola,8471107,LAT12,53.66%
Latvijas Jūras akadēmijas Jūrskola (Ventspils),11971217,ANG12,43.29%
Latvijas Jūras akadēmijas Jūrskola (Ventspils),11971217,MAT12,14.17%
Latvijas Jūras akadēmijas Jūrskola (Ventspils),11971217,LAT12,38.47%
Latvijas Universitāte,8391101,ANG12,63.12%
Latvijas Universitāte,8391101,MAT12,55.76%
Latvijas Universitāte,8391101,LAT12,54.35%
Lejasciema vidusskola,3431413,ANG12,64.25%
Lejasciema vidusskola,3431413,MAT12,49.53%
Lejasciema vidusskola,3431413,LAT12,67.36%
Liepājas 15. vidusskola,5731204,ANG12,60.77%
Liepājas 15. vidusskola,5731204,MAT12,45.30%
Liepājas 15. vidusskola,5731204,LAT12,52.64%
Liepājas 7. vidusskola,5732206,ANG12,50.80%
Liepājas 7. vidusskola,5732206,MAT12,46.86%
Liepājas 7. vidusskola,5732206,LAT12,31.82%
Liepājas 8. vidusskola,5733207,ANG12,56.49%
Liepājas 8. vidusskola,5733207,MAT12,34.85%
Liepājas 8. vidusskola,5733207,LAT12,45.78%
Liepājas A. Puškina 2. vidusskola,5732208,ANG12,59.61%
Liepājas A. Puškina 2. vidusskola,5732208,MAT12,52.74%
Liepājas A. Puškina 2. vidusskola,5732208,LAT12,39.09%
Liepājas Jūrniecības koledža,5771213,ANG12,50.54%
Liepājas Jūrniecības koledža,5771213,MAT12,37.89%
Liepājas Jūrniecības koledža,5771213,LAT12,35.57%
Liepājas mākslas vidusskola,5771218,ANG12,56.94%
Liepājas mākslas vidusskola,5771218,MAT12,41.18%
Liepājas mākslas vidusskola,5771218,LAT12,62.00%
Liepājas pilsētas 12. vidusskola,5732220,ANG12,46.39%
Liepājas pilsētas 12. vidusskola,5732220,MAT12,39.24%
Liepājas pilsētas 12. vidusskola,5732220,LAT12,37.71%
Liepājas Raiņa 6. vidusskola,5731221,ANG12,61.56%
Liepājas Raiņa 6. vidusskola,5731221,MAT12,39.60%
Liepājas Raiņa 6. vidusskola,5731221,LAT12,60.77%
Liepājas Universitāte,5793222,ANG12,75.30%
Liepājas Universitāte,5793222,MAT12,36.25%
Liepājas Universitāte,5793222,LAT12,76.94%
Liepājas vakara (maiņu) vidusskola,5741224,ANG12,39.83%
Liepājas vakara (maiņu) vidusskola,5741224,MAT12,23.61%
Liepājas vakara (maiņu) vidusskola,5741224,LAT12,41.40%
Liepājas Valsts 1. ģimnāzija,5761225,ANG12,70.59%
Liepājas Valsts 1. ģimnāzija,5761225,MAT12,52.29%
Liepājas Valsts 1. ģimnāzija,5761225,LAT12,67.40%
Liepnas vidusskola,731413,ANG12,48.63%
Liepnas vidusskola,731413,MAT12,15.00%
Liepnas vidusskola,731413,LAT12,43.61%
Liepupes vidusskola,9531402,ANG12,52.82%
Liepupes vidusskola,9531402,MAT12,39.33%
Liepupes vidusskola,9531402,LAT12,53.41%
Līgatnes novada vidusskola,5931301,ANG12,47.68%
Līgatnes novada vidusskola,5931301,MAT12,33.39%
Līgatnes novada vidusskola,5931301,LAT12,48.19%
Limbažu 3. vidusskola,5831308,ANG12,56.72%
Limbažu 3. vidusskola,5831308,MAT12,46.38%
Limbažu 3. vidusskola,5831308,LAT12,51.75%
Limbažu 3. vidusskolas struktūrvienība,5841309,ANG12,43.68%
Limbažu 3. vidusskolas struktūrvienība,5841309,MAT12,26.41%
Limbažu 3. vidusskolas struktūrvienība,5841309,LAT12,47.95%
Limbažu novada ģimnāzija,5851315,ANG12,69.74%
Limbažu novada ģimnāzija,5851315,MAT12,56.15%
Limbažu novada ģimnāzija,5851315,LAT12,70.15%
Limbažu Profesionālā vidusskola,5871310,ANG12,30.50%
Limbažu Profesionālā vidusskola,5871310,MAT12,20.75%
Limbažu Profesionālā vidusskola,5871310,LAT12,35.81%
Līvānu 1. vidusskola,6031303,ANG12,60.51%
Līvānu 1. vidusskola,6031303,MAT12,56.26%
Līvānu 1. vidusskola,6031303,LAT12,69.53%
Līvānu 2. vidusskola,6033304,ANG12,40.31%
Līvānu 2. vidusskola,6033304,MAT12,42.50%
Līvānu 2. vidusskola,6033304,LAT12,41.31%
Līvānu novada Vakara (maiņu) vidusskola,6041305,ANG12,51.51%
Līvānu novada Vakara (maiņu) vidusskola,6041305,MAT12,32.98%
Līvānu novada Vakara (maiņu) vidusskola,6041305,LAT12,57.57%
Līvbērzes vidusskola,4231414,ANG12,56.70%
Līvbērzes vidusskola,4231414,MAT12,35.94%
Līvbērzes vidusskola,4231414,LAT12,63.75%
Lizuma vidusskola,3431415,ANG12,65.96%
Lizuma vidusskola,3431415,MAT12,49.75%
Lizuma vidusskola,3431415,LAT12,67.77%
Lubānas vidusskola,6131301,ANG12,51.84%
Lubānas vidusskola,6131301,MAT12,35.65%
Lubānas vidusskola,6131301,LAT12,64.53%
Lūcijas Rancānes Makašānu AMAT12u vidusskola,8031418,ANG12,30.64%
Lūcijas Rancānes Makašānu AMAT12u vidusskola,8031418,MAT12,41.46%
Lūcijas Rancānes Makašānu AMAT12u vidusskola,8031418,LAT12,48.37%
Ludzas 2. vidusskola,6233304,ANG12,51.09%
Ludzas 2. vidusskola,6233304,MAT12,29.66%
Ludzas 2. vidusskola,6233304,LAT12,33.50%
Ludzas novada vakara vidusskola,6241306,ANG12,28.75%
Ludzas novada vakara vidusskola,6241306,MAT12,19.44%
Ludzas novada vakara vidusskola,6241306,LAT12,31.92%
Ludzas pilsētas ģimnāzija,6251307,ANG12,54.39%
Ludzas pilsētas ģimnāzija,6251307,MAT12,48.28%
Ludzas pilsētas ģimnāzija,6251307,LAT12,62.58%
Lūznavas Profesionālā vidusskola,8171417,ANG12,22.65%
Lūznavas Profesionālā vidusskola,8171417,MAT12,12.91%
Lūznavas Profesionālā vidusskola,8171417,LAT12,37.60%
Madlienas vidusskola,7031405,ANG12,50.25%
Madlienas vidusskola,7031405,MAT12,36.42%
Madlienas vidusskola,7031405,LAT12,53.08%
Madonas pilsētas 1. vidusskola,6331314,ANG12,67.25%
Madonas pilsētas 1. vidusskola,6331314,MAT12,49.47%
Madonas pilsētas 1. vidusskola,6331314,LAT12,68.60%
Madonas pilsētas 2. vidusskola,6331315,ANG12,45.94%
Madonas pilsētas 2. vidusskola,6331315,MAT12,33.51%
Madonas pilsētas 2. vidusskola,6331315,LAT12,47.70%
Madonas Vakara un neklātienes vidusskola,6341316,ANG12,40.14%
Madonas Vakara un neklātienes vidusskola,6341316,MAT12,16.92%
Madonas Vakara un neklātienes vidusskola,6341316,LAT12,42.24%
Madonas Valsts ģimnāzija,6361317,ANG12,70.67%
Madonas Valsts ģimnāzija,6361317,MAT12,64.78%
Madonas Valsts ģimnāzija,6361317,LAT12,71.14%
Majoru vidusskola,4631223,ANG12,66.33%
Majoru vidusskola,4631223,MAT12,52.21%
Majoru vidusskola,4631223,LAT12,60.60%
Malnavas koledža,4871404,ANG12,35.20%
Malnavas koledža,4871404,MAT12,24.39%
Malnavas koledža,4871404,LAT12,35.71%
Mālpils novada vidusskola,6531303,ANG12,71.99%
Mālpils novada vidusskola,6531303,MAT12,50.75%
Mālpils novada vidusskola,6531303,LAT12,59.58%
Mālpils Profesionālā vidusskola,6571302,ANG12,28.12%
Mālpils Profesionālā vidusskola,6571302,MAT12,19.14%
Mālpils Profesionālā vidusskola,6571302,LAT12,42.26%
Maltas 1. vidusskola,8031420,ANG12,56.34%
Maltas 1. vidusskola,8031420,MAT12,40.56%
Maltas 1. vidusskola,8031420,LAT12,53.30%
Maltas 2. vidusskola,8033421,ANG12,32.90%
Maltas 2. vidusskola,8033421,MAT12,31.21%
Maltas 2. vidusskola,8033421,LAT12,32.57%
Mārupes vidusskola,6631303,ANG12,70.61%
Mārupes vidusskola,6631303,MAT12,60.92%
Mārupes vidusskola,6631303,LAT12,59.01%
Mazsalacas vidusskola,6431301,ANG12,61.49%
Mazsalacas vidusskola,6431301,MAT12,51.25%
Mazsalacas vidusskola,6431301,LAT12,70.77%
Mērsraga vidusskola,8931401,ANG12,50.97%
Mērsraga vidusskola,8931401,MAT12,27.42%
Mērsraga vidusskola,8931401,LAT12,59.14%
Mežotnes internātvidusskola,1681414,ANG12,15.64%
Mežotnes internātvidusskola,1681414,MAT12,16.62%
Mežotnes internātvidusskola,1681414,LAT12,39.66%
Misas vidusskola,11731402,ANG12,58.44%
Misas vidusskola,11731402,MAT12,38.44%
Misas vidusskola,11731402,LAT12,59.37%
Murjāņu sporta ģimnāzija,10051301,ANG12,53.04%
Murjāņu sporta ģimnāzija,10051301,MAT12,38.79%
Murjāņu sporta ģimnāzija,10051301,LAT12,49.83%
Murjāņu sporta ģimnāzija Jūrmalas filiāle,4651215,ANG12,53.06%
Murjāņu sporta ģimnāzija Jūrmalas filiāle,4651215,MAT12,38.44%
Murjāņu sporta ģimnāzija Jūrmalas filiāle,4651215,LAT12,51.52%
Naukšēnu novada vidusskola,6731402,ANG12,46.72%
Naukšēnu novada vidusskola,6731402,MAT12,35.16%
Naukšēnu novada vidusskola,6731402,LAT12,50.84%
Nautrēnu vidusskola,8031424,ANG12,62.90%
Nautrēnu vidusskola,8031424,MAT12,54.06%
Nautrēnu vidusskola,8031424,LAT12,49.19%
Neretas Jāņa Jaunsudrabiņa vidusskola,6831402,ANG12,53.78%
Neretas Jāņa Jaunsudrabiņa vidusskola,6831402,MAT12,48.29%
Neretas Jāņa Jaunsudrabiņa vidusskola,6831402,LAT12,62.93%
Nīcas vidusskola,6931401,ANG12,49.07%
Nīcas vidusskola,6931401,MAT12,40.45%
Nīcas vidusskola,6931401,LAT12,57.32%
Nītaures vidusskola,831405,ANG12,55.81%
Nītaures vidusskola,831405,MAT12,52.92%
Nītaures vidusskola,831405,LAT12,64.50%
Ogres 1. vidusskola,7031308,ANG12,68.94%
Ogres 1. vidusskola,7031308,MAT12,50.69%
Ogres 1. vidusskola,7031308,LAT12,65.43%
OGRES 1.VIDUSSKOLAS VAKARA UN NEKLĀTIENES NODAĻA,7041308,ANG12,51.26%
OGRES 1.VIDUSSKOLAS VAKARA UN NEKLĀTIENES NODAĻA,7041308,MAT12,38.04%
OGRES 1.VIDUSSKOLAS VAKARA UN NEKLĀTIENES NODAĻA,7041308,LAT12,36.36%
Ogres tehnikums,7071421,ANG12,40.21%
Ogres tehnikums,7071421,MAT12,23.79%
Ogres tehnikums,7071421,LAT12,44.37%
Ogres Valsts ģimnāzija,7061314,ANG12,68.64%
Ogres Valsts ģimnāzija,7061314,MAT12,49.69%
Ogres Valsts ģimnāzija,7061314,LAT12,60.15%
Ojāra Vācieša Gaujienas vidusskola,931403,ANG12,46.60%
Ojāra Vācieša Gaujienas vidusskola,931403,MAT12,22.19%
Ojāra Vācieša Gaujienas vidusskola,931403,LAT12,55.00%
Olaines 1. vidusskola,7131301,ANG12,70.89%
Olaines 1. vidusskola,7131301,MAT12,63.32%
Olaines 1. vidusskola,7131301,LAT12,64.08%
Olaines 2. vidusskola,7132302,ANG12,55.60%
Olaines 2. vidusskola,7132302,MAT12,51.00%
Olaines 2. vidusskola,7132302,LAT12,47.37%
Olaines Mehānikas un tehnoloģijas koledža,7171303,ANG12,52.26%
Olaines Mehānikas un tehnoloģijas koledža,7171303,MAT12,35.58%
Olaines Mehānikas un tehnoloģijas koledža,7171303,LAT12,44.72%
Ozolnieku vidusskola,7231402,ANG12,69.39%
Ozolnieku vidusskola,7231402,MAT12,55.13%
Ozolnieku vidusskola,7231402,LAT12,61.18%
Pāvilostas vidusskola,7431301,ANG12,51.48%
Pāvilostas vidusskola,7431301,MAT12,59.19%
Pāvilostas vidusskola,7431301,LAT12,57.33%
"PIKC ""Rīgas Valsts tehnikums"" Balvu teritoriālā struktūrvienība",1571312,ANG12,60.41%
"PIKC ""Rīgas Valsts tehnikums"" Balvu teritoriālā struktūrvienība",1571312,MAT12,68.90%
"PIKC ""Rīgas Valsts tehnikums"" Balvu teritoriālā struktūrvienība",1571312,LAT12,64.72%
PIKC RVT Krāslavas reģionālā struktūrvienība ,5071311,ANG12,25.89%
PIKC RVT Krāslavas reģionālā struktūrvienība ,5071311,MAT12,23.41%
PIKC RVT Krāslavas reģionālā struktūrvienība ,5071311,LAT12,24.79%
Pilsrundāles vidusskola,9331401,ANG12,65.95%
Pilsrundāles vidusskola,9331401,MAT12,71.87%
Pilsrundāles vidusskola,9331401,LAT12,61.19%
Piltenes vidusskola,11831303,ANG12,63.33%
Piltenes vidusskola,11831303,MAT12,60.47%
Piltenes vidusskola,11831303,LAT12,76.11%
Pļaviņu novada ģimnāzija,7551302,ANG12,66.21%
Pļaviņu novada ģimnāzija,7551302,MAT12,49.83%
Pļaviņu novada ģimnāzija,7551302,LAT12,57.87%
Preiļu 2. vidusskola,7633305,ANG12,58.85%
Preiļu 2. vidusskola,7633305,MAT12,35.37%
Preiļu 2. vidusskola,7633305,LAT12,57.22%
Preiļu novada Vakara (maiņu) un neklātienes vidusskola,7643306,ANG12,38.37%
Preiļu novada Vakara (maiņu) un neklātienes vidusskola,7643306,MAT12,33.23%
Preiļu novada Vakara (maiņu) un neklātienes vidusskola,7643306,LAT12,45.63%
Preiļu Valsts ģimnāzija,7661307,ANG12,64.65%
Preiļu Valsts ģimnāzija,7661307,MAT12,64.12%
Preiļu Valsts ģimnāzija,7661307,LAT12,69.66%
Priekules vidusskola,7731304,ANG12,58.08%
Priekules vidusskola,7731304,MAT12,48.78%
Priekules vidusskola,7731304,LAT12,55.79%
Priekuļu tehnikums,7871408,ANG12,42.78%
Priekuļu tehnikums,7871408,MAT12,25.89%
Priekuļu tehnikums,7871408,LAT12,39.56%
"Priekuļu tehnikums, Jāņmuižas filiāle",7871401,ANG12,31.55%
"Priekuļu tehnikums, Jāņmuižas filiāle",7871401,MAT12,22.81%
"Priekuļu tehnikums, Jāņmuižas filiāle",7871401,LAT12,41.01%
Priekuļu vidusskola,7831404,ANG12,55.29%
Priekuļu vidusskola,7831404,MAT12,42.55%
Priekuļu vidusskola,7831404,LAT12,55.88%
"Privātā Profesionālā vidusskola ""SIGMA""",8371105,ANG12,43.18%
"Privātā Profesionālā vidusskola ""SIGMA""",8371105,MAT12,15.00%
"Privātā Profesionālā vidusskola ""SIGMA""",8371105,LAT12,26.80%
Privātā Rīgas Tehnolingvistiskā ģimnāzija,8352106,ANG12,71.79%
Privātā Rīgas Tehnolingvistiskā ģimnāzija,8352106,MAT12,47.64%
Privātā Rīgas Tehnolingvistiskā ģimnāzija,8352106,LAT12,38.47%
"Privātā vidusskola ""INNOVA""",8532110,ANG12,84.37%
"Privātā vidusskola ""INNOVA""",8532110,MAT12,62.42%
"Privātā vidusskola ""INNOVA""",8532110,LAT12,44.09%
"Privātā vidusskola ""Klasika""",8633107,ANG12,71.55%
"Privātā vidusskola ""Klasika""",8633107,MAT12,61.20%
"Privātā vidusskola ""Klasika""",8633107,LAT12,55.97%
"Privātā vidusskola ""Patnis""",8431110,ANG12,79.43%
"Privātā vidusskola ""Patnis""",8431110,MAT12,57.97%
"Privātā vidusskola ""Patnis""",8431110,LAT12,70.00%
"Privātā vidusskola ""Templum""",8433111,ANG12,52.14%
"Privātā vidusskola ""Templum""",8433111,MAT12,36.25%
"Privātā vidusskola ""Templum""",8433111,LAT12,38.33%
Privātā vidusskola Ādažu Brīvā Valdorfa skola,1131302,ANG12,66.13%
Privātā vidusskola Ādažu Brīvā Valdorfa skola,1131302,MAT12,50.35%
Privātā vidusskola Ādažu Brīvā Valdorfa skola,1131302,LAT12,65.67%
"Privātskola ""Latreia""",8432112,ANG12,70.00%
"Privātskola ""Latreia""",8432112,MAT12,56.09%
"Privātskola ""Latreia""",8432112,LAT12,34.51%
"Profesionālā vidusskola ""RIMAN""",8871101,ANG12,34.61%
"Profesionālā vidusskola ""RIMAN""",8871101,MAT12,15.31%
"Profesionālā vidusskola ""RIMAN""",8871101,LAT12,13.96%
"Profesionālā Vidusskola ""VICTORIA""",8471126,ANG12,53.64%
"Profesionālā Vidusskola ""VICTORIA""",8471126,MAT12,38.75%
"Profesionālā Vidusskola ""VICTORIA""",8471126,LAT12,28.17%
"Profesionālās izglītības kompetences centrs ""Kandavas Valsts lauksaimniecības tehnikums""",4771309,ANG12,39.67%
"Profesionālās izglītības kompetences centrs ""Kandavas Valsts lauksaimniecības tehnikums""",4771309,MAT12,24.73%
"Profesionālās izglītības kompetences centrs ""Kandavas Valsts lauksaimniecības tehnikums""",4771309,LAT12,45.27%
"Profesionālās izglītības kompetences centrs ""Liepājas Valsts tehnikums""",5771230,ANG12,44.89%
"Profesionālās izglītības kompetences centrs ""Liepājas Valsts tehnikums""",5771230,MAT12,27.89%
"Profesionālās izglītības kompetences centrs ""Liepājas Valsts tehnikums""",5771230,LAT12,47.09%
"Profesionālās izglītības kompetences centrs ""Rīgas Valsts tehnikums""",8871132,ANG12,48.84%
"Profesionālās izglītības kompetences centrs ""Rīgas Valsts tehnikums""",8871132,MAT12,31.83%
"Profesionālās izglītības kompetences centrs ""Rīgas Valsts tehnikums""",8871132,LAT12,42.73%
Pumpuru vidusskola,4631216,ANG12,52.58%
Pumpuru vidusskola,4631216,MAT12,36.53%
Pumpuru vidusskola,4631216,LAT12,50.37%
Puškina licejs,8832103,ANG12,61.06%
Puškina licejs,8832103,MAT12,48.57%
Puškina licejs,8832103,LAT12,36.52%
Rankas Profesionālā vidusskola,3471417,ANG12,30.85%
Rankas Profesionālā vidusskola,3471417,MAT12,17.75%
Rankas Profesionālā vidusskola,3471417,LAT12,38.88%
Raunas vidusskola,7931403,ANG12,29.76%
Raunas vidusskola,7931403,MAT12,29.31%
Raunas vidusskola,7931403,LAT12,50.24%
Rekavas vidusskola,12131411,ANG12,51.81%
Rekavas vidusskola,12131411,MAT12,64.57%
Rekavas vidusskola,12131411,LAT12,54.19%
Rēzeknes 1. vidusskola,8131203,ANG12,74.53%
Rēzeknes 1. vidusskola,8131203,MAT12,69.17%
Rēzeknes 1. vidusskola,8131203,LAT12,78.72%
Rēzeknes 14. arodvidusskola,8171204,ANG12,34.04%
Rēzeknes 14. arodvidusskola,8171204,MAT12,21.25%
Rēzeknes 14. arodvidusskola,8171204,LAT12,34.93%
Rēzeknes 2. vidusskola,8132205,ANG12,50.52%
Rēzeknes 2. vidusskola,8132205,MAT12,50.65%
Rēzeknes 2. vidusskola,8132205,LAT12,45.88%
Rēzeknes 3. vidusskola,8133206,ANG12,48.78%
Rēzeknes 3. vidusskola,8133206,MAT12,51.53%
Rēzeknes 3. vidusskola,8133206,LAT12,46.22%
Rēzeknes 4. vidusskola,8132207,ANG12,32.75%
Rēzeknes 4. vidusskola,8132207,MAT12,50.62%
Rēzeknes 4. vidusskola,8132207,LAT12,29.10%
Rēzeknes 5. vidusskola,8131208,ANG12,66.89%
Rēzeknes 5. vidusskola,8131208,MAT12,69.01%
Rēzeknes 5. vidusskola,8131208,LAT12,69.79%
Rēzeknes 6. vidusskola,8132209,ANG12,54.85%
Rēzeknes 6. vidusskola,8132209,MAT12,57.43%
Rēzeknes 6. vidusskola,8132209,LAT12,47.80%
Rēzeknes Katoļu vidusskola,8131210,ANG12,63.91%
Rēzeknes Katoļu vidusskola,8131210,MAT12,37.67%
Rēzeknes Katoļu vidusskola,8131210,LAT12,59.69%
Rēzeknes Mākslas un dizaina vidusskola,8171212,ANG12,52.68%
Rēzeknes Mākslas un dizaina vidusskola,8171212,MAT12,60.99%
Rēzeknes Mākslas un dizaina vidusskola,8171212,LAT12,54.03%
Rēzeknes Profesionālā vidusskola,8171225,ANG12,36.79%
Rēzeknes Profesionālā vidusskola,8171225,MAT12,23.00%
Rēzeknes Profesionālā vidusskola,8171225,LAT12,37.88%
Rēzeknes vakara vidusskola,8141213,ANG12,38.00%
Rēzeknes vakara vidusskola,8141213,MAT12,30.23%
Rēzeknes vakara vidusskola,8141213,LAT12,42.72%
Rēzeknes Valsts ģimnāzija,8161214,ANG12,66.50%
Rēzeknes Valsts ģimnāzija,8161214,MAT12,58.02%
Rēzeknes Valsts ģimnāzija,8161214,LAT12,75.49%
Rēzeknes valsts poļu ģimnāzija,8154215,ANG12,66.27%
Rēzeknes valsts poļu ģimnāzija,8154215,MAT12,64.54%
Rēzeknes valsts poļu ģimnāzija,8154215,LAT12,72.86%
Riebiņu vidusskola,8231404,ANG12,58.15%
Riebiņu vidusskola,8231404,MAT12,36.41%
Riebiņu vidusskola,8231404,LAT12,41.78%
Rīgas 1. vidusskola,8533111,ANG12,53.89%
Rīgas 1. vidusskola,8533111,MAT12,26.63%
Rīgas 1. vidusskola,8533111,LAT12,43.19%
Rīgas 10. vidusskola,8832104,ANG12,69.31%
Rīgas 10. vidusskola,8832104,MAT12,58.10%
Rīgas 10. vidusskola,8832104,LAT12,51.86%
Rīgas 13. vidusskola,8833105,ANG12,63.87%
Rīgas 13. vidusskola,8833105,MAT12,54.06%
Rīgas 13. vidusskola,8833105,LAT12,42.37%
Rīgas 14. vakara (maiņu) vidusskola,8743103,ANG12,43.02%
Rīgas 14. vakara (maiņu) vidusskola,8743103,MAT12,21.43%
Rīgas 14. vakara (maiņu) vidusskola,8743103,LAT12,39.72%
Rīgas 15. vidusskola,8533113,ANG12,43.20%
Rīgas 15. vidusskola,8533113,MAT12,36.35%
Rīgas 15. vidusskola,8533113,LAT12,33.46%
Rīgas 18. vakara (maiņu) vidusskola,8843106,ANG12,47.39%
Rīgas 18. vakara (maiņu) vidusskola,8843106,MAT12,21.16%
Rīgas 18. vakara (maiņu) vidusskola,8843106,LAT12,35.52%
Rīgas 19. vidusskola,8431114,ANG12,41.17%
Rīgas 19. vidusskola,8431114,MAT12,26.43%
Rīgas 19. vidusskola,8431114,LAT12,46.15%
Rīgas 21. vidusskola,8633113,ANG12,62.39%
Rīgas 21. vidusskola,8633113,MAT12,53.47%
Rīgas 21. vidusskola,8633113,LAT12,41.66%
Rīgas 22. vidusskola,8332109,ANG12,67.63%
Rīgas 22. vidusskola,8332109,MAT12,58.08%
Rīgas 22. vidusskola,8332109,LAT12,41.09%
Rīgas 25. vidusskola,8531115,ANG12,72.31%
Rīgas 25. vidusskola,8531115,MAT12,53.25%
Rīgas 25. vidusskola,8531115,LAT12,61.47%
Rīgas 28. vidusskola,8831107,ANG12,55.12%
Rīgas 28. vidusskola,8831107,MAT12,36.18%
Rīgas 28. vidusskola,8831107,LAT12,45.06%
Rīgas 29. vidusskola,8832108,ANG12,29.51%
Rīgas 29. vidusskola,8832108,MAT12,35.42%
Rīgas 29. vidusskola,8832108,LAT12,23.39%
Rīgas 31. vidusskola,8831109,ANG12,59.49%
Rīgas 31. vidusskola,8831109,MAT12,50.73%
Rīgas 31. vidusskola,8831109,LAT12,55.29%
Rīgas 32. vidusskola,8532116,ANG12,39.74%
Rīgas 32. vidusskola,8532116,MAT12,48.72%
Rīgas 32. vidusskola,8532116,LAT12,33.86%
Rīgas 33. vidusskola,8432115,ANG12,60.98%
Rīgas 33. vidusskola,8432115,MAT12,44.63%
Rīgas 33. vidusskola,8432115,LAT12,48.65%
Rīgas 34. vidusskola,8432116,ANG12,73.45%
Rīgas 34. vidusskola,8432116,MAT12,68.98%
Rīgas 34. vidusskola,8432116,LAT12,50.27%
Rīgas 40. vidusskola,8332111,ANG12,76.94%
Rīgas 40. vidusskola,8332111,MAT12,63.97%
Rīgas 40. vidusskola,8332111,LAT12,46.37%
Rīgas 41. vidusskola,8431117,ANG12,75.39%
Rīgas 41. vidusskola,8431117,MAT12,58.35%
Rīgas 41. vidusskola,8431117,LAT12,56.49%
Rīgas 45. vidusskola,8631117,ANG12,56.81%
Rīgas 45. vidusskola,8631117,MAT12,44.05%
Rīgas 45. vidusskola,8631117,LAT12,53.67%
Rīgas 46. vidusskola,8832111,ANG12,48.83%
Rīgas 46. vidusskola,8832111,MAT12,38.82%
Rīgas 46. vidusskola,8832111,LAT12,32.53%
Rīgas 47. vidusskola,8731105,ANG12,55.65%
Rīgas 47. vidusskola,8731105,MAT12,34.95%
Rīgas 47. vidusskola,8731105,LAT12,58.23%
Rīgas 49. vidusskola,8631118,ANG12,72.62%
Rīgas 49. vidusskola,8631118,MAT12,65.98%
Rīgas 49. vidusskola,8631118,LAT12,70.70%
Rīgas 51. vidusskola,8532117,ANG12,51.96%
Rīgas 51. vidusskola,8532117,MAT12,48.06%
Rīgas 51. vidusskola,8532117,LAT12,30.59%
Rīgas 53. vidusskola,8732107,ANG12,57.40%
Rīgas 53. vidusskola,8732107,MAT12,52.46%
Rīgas 53. vidusskola,8732107,LAT12,38.77%
Rīgas 54. vidusskola,8432118,ANG12,40.04%
Rīgas 54. vidusskola,8432118,MAT12,40.20%
Rīgas 54. vidusskola,8432118,LAT12,34.91%
Rīgas 6. vidusskola,8531118,ANG12,71.41%
Rīgas 6. vidusskola,8531118,MAT12,48.70%
Rīgas 6. vidusskola,8531118,LAT12,61.46%
Rīgas 60. vidusskola,8632120,ANG12,60.45%
Rīgas 60. vidusskola,8632120,MAT12,47.42%
Rīgas 60. vidusskola,8632120,LAT12,38.70%
Rīgas 61. vidusskola,8732108,ANG12,56.11%
Rīgas 61. vidusskola,8732108,MAT12,60.80%
Rīgas 61. vidusskola,8732108,LAT12,45.67%
Rīgas 63. vidusskola,8632121,ANG12,58.84%
Rīgas 63. vidusskola,8632121,MAT12,42.80%
Rīgas 63. vidusskola,8632121,LAT12,38.24%
Rīgas 64. vidusskola,8631122,ANG12,76.72%
Rīgas 64. vidusskola,8631122,MAT12,68.46%
Rīgas 64. vidusskola,8631122,LAT12,73.22%
Rīgas 65. vidusskola,8532120,ANG12,64.08%
Rīgas 65. vidusskola,8532120,MAT12,51.87%
Rīgas 65. vidusskola,8532120,LAT12,43.01%
Rīgas 66. speciālā vidusskola,8883112,ANG12,55.18%
Rīgas 66. speciālā vidusskola,8883112,MAT12,62.30%
Rīgas 66. speciālā vidusskola,8883112,LAT12,48.22%
Rīgas 68. vidusskola,8432119,ANG12,53.29%
Rīgas 68. vidusskola,8432119,MAT12,50.53%
Rīgas 68. vidusskola,8432119,LAT12,37.58%
Rīgas 69. vidusskola,8431120,ANG12,65.61%
Rīgas 69. vidusskola,8431120,MAT12,37.94%
Rīgas 69. vidusskola,8431120,LAT12,60.94%
Rīgas 71. vidusskola,8433121,ANG12,64.75%
Rīgas 71. vidusskola,8433121,MAT12,53.94%
Rīgas 71. vidusskola,8433121,LAT12,47.89%
Rīgas 72. vidusskola,8532121,ANG12,63.96%
Rīgas 72. vidusskola,8532121,MAT12,50.56%
Rīgas 72. vidusskola,8532121,LAT12,43.43%
Rīgas 74. vidusskola,8632123,ANG12,53.00%
Rīgas 74. vidusskola,8632123,MAT12,48.47%
Rīgas 74. vidusskola,8632123,LAT12,35.11%
Rīgas 75. vidusskola,8532122,ANG12,60.69%
Rīgas 75. vidusskola,8532122,MAT12,44.18%
Rīgas 75. vidusskola,8532122,LAT12,43.37%
Rīgas 80. vidusskola,8633124,ANG12,54.14%
Rīgas 80. vidusskola,8633124,MAT12,48.93%
Rīgas 80. vidusskola,8633124,LAT12,40.85%
Rīgas 84. vidusskola,8631125,ANG12,66.93%
Rīgas 84. vidusskola,8631125,MAT12,47.35%
Rīgas 84. vidusskola,8631125,LAT12,54.93%
Rīgas 85. vidusskola,8631126,ANG12,72.87%
Rīgas 85. vidusskola,8631126,MAT12,47.20%
Rīgas 85. vidusskola,8631126,LAT12,58.75%
Rīgas 86. vidusskola,8532123,ANG12,55.23%
Rīgas 86. vidusskola,8532123,MAT12,45.80%
Rīgas 86. vidusskola,8532123,LAT12,34.90%
Rīgas 88. vidusskola,8532124,ANG12,52.14%
Rīgas 88. vidusskola,8532124,MAT12,55.40%
Rīgas 88. vidusskola,8532124,LAT12,34.96%
Rīgas 89. vidusskola,8633127,ANG12,53.37%
Rīgas 89. vidusskola,8633127,MAT12,48.06%
Rīgas 89. vidusskola,8633127,LAT12,36.29%
Rīgas 9. vakara (maiņu) vidusskola,8643128,ANG12,47.69%
Rīgas 9. vakara (maiņu) vidusskola,8643128,MAT12,29.17%
Rīgas 9. vakara (maiņu) vidusskola,8643128,LAT12,46.93%
Rīgas 92. vidusskola,8533126,ANG12,42.92%
Rīgas 92. vidusskola,8533126,MAT12,32.77%
Rīgas 92. vidusskola,8533126,LAT12,30.91%
Rīgas 93. vidusskola,8531129,ANG12,74.64%
Rīgas 93. vidusskola,8531129,MAT12,56.83%
Rīgas 93. vidusskola,8531129,LAT12,56.82%
Rīgas 94. vidusskola,8731110,ANG12,75.69%
Rīgas 94. vidusskola,8731110,MAT12,60.27%
Rīgas 94. vidusskola,8731110,LAT12,60.69%
Rīgas 95. vidusskola,8732111,ANG12,60.18%
Rīgas 95. vidusskola,8732111,MAT12,55.20%
Rīgas 95. vidusskola,8732111,LAT12,37.78%
Rīgas 96. vidusskola,8432123,ANG12,57.42%
Rīgas 96. vidusskola,8432123,MAT12,47.97%
Rīgas 96. vidusskola,8432123,LAT12,48.24%
Rīgas AMAT12niecības vidusskola,8471124,ANG12,57.32%
Rīgas AMAT12niecības vidusskola,8471124,MAT12,34.71%
Rīgas AMAT12niecības vidusskola,8471124,LAT12,54.73%
Rīgas ANG12ļu ģimnāzija,8751112,ANG12,81.19%
Rīgas ANG12ļu ģimnāzija,8751112,MAT12,58.51%
Rīgas ANG12ļu ģimnāzija,8751112,LAT12,71.91%
Rīgas Anniņmuižas vidusskola,8433125,ANG12,63.52%
Rīgas Anniņmuižas vidusskola,8433125,MAT12,57.39%
Rīgas Anniņmuižas vidusskola,8433125,LAT12,33.31%
Rīgas Celtniecības koledža,8571128,ANG12,53.05%
Rīgas Celtniecības koledža,8571128,MAT12,42.89%
Rīgas Celtniecības koledža,8571128,LAT12,47.92%
Rīgas Centra humanitārā vidusskola,8331117,ANG12,88.41%
Rīgas Centra humanitārā vidusskola,8331117,MAT12,66.92%
Rīgas Centra humanitārā vidusskola,8331117,LAT12,78.76%
Rīgas Centra krievu privātģimnāzija,8652130,ANG12,50.11%
Rīgas Centra krievu privātģimnāzija,8652130,MAT12,21.12%
Rīgas Centra krievu privātģimnāzija,8652130,LAT12,39.58%
Rīgas Daugavgrīvas vidusskola,8432126,ANG12,59.31%
Rīgas Daugavgrīvas vidusskola,8432126,MAT12,55.06%
Rīgas Daugavgrīvas vidusskola,8432126,LAT12,25.49%
Rīgas Dizaina un mākslas vidusskola,8671119,ANG12,66.18%
Rīgas Dizaina un mākslas vidusskola,8671119,MAT12,44.10%
Rīgas Dizaina un mākslas vidusskola,8671119,LAT12,63.77%
Rīgas Doma kora skola,8471114,ANG12,80.51%
Rīgas Doma kora skola,8471114,MAT12,49.52%
Rīgas Doma kora skola,8471114,LAT12,71.42%
Rīgas Franču licejs,8651132,ANG12,84.63%
Rīgas Franču licejs,8651132,MAT12,62.05%
Rīgas Franču licejs,8651132,LAT12,80.32%
"Rīgas ģimnāzija ""Maksima""",8551131,ANG12,71.44%
"Rīgas ģimnāzija ""Maksima""",8551131,MAT12,44.11%
"Rīgas ģimnāzija ""Maksima""",8551131,LAT12,30.39%
Rīgas Hanzas vidusskola,8631133,ANG12,68.22%
Rīgas Hanzas vidusskola,8631133,MAT12,47.74%
Rīgas Hanzas vidusskola,8631133,LAT12,58.54%
Rīgas Herdera vidusskola,8632134,ANG12,75.22%
Rīgas Herdera vidusskola,8632134,MAT12,45.11%
Rīgas Herdera vidusskola,8632134,LAT12,47.53%
Rīgas horeogrāfijas vidusskola,8471115,ANG12,52.75%
Rīgas horeogrāfijas vidusskola,8471115,MAT12,33.12%
Rīgas horeogrāfijas vidusskola,8471115,LAT12,44.66%
Rīgas Imantas vidusskola,8431128,ANG12,61.87%
Rīgas Imantas vidusskola,8431128,MAT12,34.81%
Rīgas Imantas vidusskola,8431128,LAT12,56.01%
Rīgas Itas Kozakēvičas Poļu vidusskola,8634135,ANG12,60.27%
Rīgas Itas Kozakēvičas Poļu vidusskola,8634135,MAT12,53.15%
Rīgas Itas Kozakēvičas Poļu vidusskola,8634135,LAT12,39.26%
Rīgas Juglas vidusskola,8631136,ANG12,66.58%
Rīgas Juglas vidusskola,8631136,MAT12,49.21%
Rīgas Juglas vidusskola,8631136,LAT12,58.14%
Rīgas Katoļu ģimnāzija,8751118,ANG12,56.85%
Rīgas Katoļu ģimnāzija,8751118,MAT12,64.37%
Rīgas Katoļu ģimnāzija,8751118,LAT12,67.44%
Rīgas Klasiskā ģimnāzija,8652137,ANG12,68.35%
Rīgas Klasiskā ģimnāzija,8652137,MAT12,65.51%
Rīgas Klasiskā ģimnāzija,8652137,LAT12,52.14%
Rīgas Krievu vidusskola,8533133,ANG12,42.70%
Rīgas Krievu vidusskola,8533133,MAT12,33.78%
Rīgas Krievu vidusskola,8533133,LAT12,23.79%
Rīgas Kultūru vidusskola,8831114,ANG12,75.74%
Rīgas Kultūru vidusskola,8831114,MAT12,50.09%
Rīgas Kultūru vidusskola,8831114,LAT12,67.41%
Rīgas Ķengaraga vidusskola,8532146,ANG12,52.85%
Rīgas Ķengaraga vidusskola,8532146,MAT12,45.79%
Rīgas Ķengaraga vidusskola,8532146,LAT12,33.94%
Rīgas Lietuviešu vidusskola,8531137,ANG12,54.19%
Rīgas Lietuviešu vidusskola,8531137,MAT12,49.93%
Rīgas Lietuviešu vidusskola,8531137,LAT12,55.49%
Rīgas Mūzikas internātvidusskola,8781118,ANG12,54.90%
Rīgas Mūzikas internātvidusskola,8781118,MAT12,28.88%
Rīgas Mūzikas internātvidusskola,8781118,LAT12,53.45%
Rīgas Natālijas Draudziņas vidusskola ,8331137,ANG12,69.66%
Rīgas Natālijas Draudziņas vidusskola ,8331137,MAT12,50.72%
Rīgas Natālijas Draudziņas vidusskola ,8331137,LAT12,65.82%
Rīgas Ostvalda vidusskola,8433130,ANG12,65.34%
Rīgas Ostvalda vidusskola,8433130,MAT12,64.25%
Rīgas Ostvalda vidusskola,8433130,LAT12,55.95%
Rīgas Pārdaugavas profesionālā vidusskola,8471131,ANG12,32.95%
Rīgas Pārdaugavas profesionālā vidusskola,8471131,MAT12,27.84%
Rīgas Pārdaugavas profesionālā vidusskola,8471131,LAT12,32.28%
Rīgas Pārdaugavas profesionālā vidusskola (Galdniecības nodaļa),8471132,ANG12,34.66%
Rīgas Pārdaugavas profesionālā vidusskola (Galdniecības nodaļa),8471132,MAT12,27.46%
Rīgas Pārdaugavas profesionālā vidusskola (Galdniecības nodaļa),8471132,LAT12,31.96%
Rīgas pilsētas Pļavnieku ģimnāzija,8551138,ANG12,74.74%
Rīgas pilsētas Pļavnieku ģimnāzija,8551138,MAT12,46.58%
Rīgas pilsētas Pļavnieku ģimnāzija,8551138,LAT12,64.01%
Rīgas Purvciema vidusskola,8632139,ANG12,70.41%
Rīgas Purvciema vidusskola,8632139,MAT12,61.41%
Rīgas Purvciema vidusskola,8632139,LAT12,49.03%
Rīgas Raiņa 8. vakara (maiņu) vidusskola,8341122,ANG12,60.56%
Rīgas Raiņa 8. vakara (maiņu) vidusskola,8341122,MAT12,29.75%
Rīgas Raiņa 8. vakara (maiņu) vidusskola,8341122,LAT12,48.95%
Rīgas Rīnūžu vidusskola,8832117,ANG12,56.91%
Rīgas Rīnūžu vidusskola,8832117,MAT12,58.15%
Rīgas Rīnūžu vidusskola,8832117,LAT12,43.86%
Rīgas Sergeja Žoltoka vidusskola (š.cietums),8582142,ANG12,28.52%
Rīgas Sergeja Žoltoka vidusskola (š.cietums),8582142,MAT12,40.94%
Rīgas Sergeja Žoltoka vidusskola (š.cietums),8582142,LAT12,30.13%
Rīgas Stila un modes profesionālā vidusskola,8671140,ANG12,39.85%
Rīgas Stila un modes profesionālā vidusskola,8671140,MAT12,23.02%
Rīgas Stila un modes profesionālā vidusskola,8671140,LAT12,48.65%
Rīgas Tālmācības vidusskola,8541105,ANG12,61.55%
Rīgas Tālmācības vidusskola,8541105,MAT12,26.34%
Rīgas Tālmācības vidusskola,8541105,LAT12,50.95%
Rīgas Tehniskā koledža,8671141,ANG12,54.98%
Rīgas Tehniskā koledža,8671141,MAT12,34.36%
Rīgas Tehniskā koledža,8671141,LAT12,47.61%
Rīgas Teikas vidusskola,8631143,ANG12,72.68%
Rīgas Teikas vidusskola,8631143,MAT12,58.23%
Rīgas Teikas vidusskola,8631143,LAT12,65.74%
Rīgas Tirdzniecības profesionālā vidusskola,8671125,ANG12,47.56%
Rīgas Tirdzniecības profesionālā vidusskola,8671125,MAT12,28.73%
Rīgas Tirdzniecības profesionālā vidusskola,8671125,LAT12,48.25%
Rīgas Ukraiņu vidusskola,8534145,ANG12,63.26%
Rīgas Ukraiņu vidusskola,8534145,MAT12,45.90%
Rīgas Ukraiņu vidusskola,8534145,LAT12,48.39%
Rīgas Uzņēmējdarbības koledža,8871119,ANG12,44.66%
Rīgas Uzņēmējdarbības koledža,8871119,MAT12,22.69%
Rīgas Uzņēmējdarbības koledža,8871119,LAT12,47.27%
Rīgas Uzņēmējdarbības tehniskā vidusskola,8871128,ANG12,35.72%
Rīgas Uzņēmējdarbības tehniskā vidusskola,8871128,MAT12,23.33%
Rīgas Uzņēmējdarbības tehniskā vidusskola,8871128,LAT12,14.99%
Rīgas vakara ģimnāzija,8543147,ANG12,47.27%
Rīgas vakara ģimnāzija,8543147,MAT12,32.13%
Rīgas vakara ģimnāzija,8543147,LAT12,42.79%
Rīgas Valsts 1. ģimnāzija,8361130,ANG12,87.09%
Rīgas Valsts 1. ģimnāzija,8361130,MAT12,90.76%
Rīgas Valsts 1. ģimnāzija,8361130,LAT12,78.86%
Rīgas Valsts 2. ģimnāzija,8861121,ANG12,81.28%
Rīgas Valsts 2. ģimnāzija,8861121,MAT12,64.55%
Rīgas Valsts 2. ģimnāzija,8861121,LAT12,75.67%
Rīgas Valsts 3. ģimnāzija,8361131,ANG12,79.70%
Rīgas Valsts 3. ģimnāzija,8361131,MAT12,70.82%
Rīgas Valsts 3. ģimnāzija,8361131,LAT12,76.83%
Rīgas Valsts vācu ģimnāzija,8461134,ANG12,76.94%
Rīgas Valsts vācu ģimnāzija,8461134,MAT12,59.89%
Rīgas Valsts vācu ģimnāzija,8461134,LAT12,68.74%
"Rīgas vispārizglītojošā privātā vidusskola ""Evrika""",8733123,ANG12,58.81%
"Rīgas vispārizglītojošā privātā vidusskola ""Evrika""",8733123,MAT12,47.73%
"Rīgas vispārizglītojošā privātā vidusskola ""Evrika""",8733123,LAT12,32.77%
Rīgas Zolitūdes ģimnāzija,8752125,ANG12,68.34%
Rīgas Zolitūdes ģimnāzija,8752125,MAT12,63.04%
Rīgas Zolitūdes ģimnāzija,8752125,LAT12,50.56%
Rojas vidusskola,8931402,ANG12,65.64%
Rojas vidusskola,8931402,MAT12,62.00%
Rojas vidusskola,8931402,LAT12,70.88%
Ropažu vidusskola,9031301,ANG12,60.80%
Ropažu vidusskola,9031301,MAT12,37.87%
Ropažu vidusskola,9031301,LAT12,50.99%
Rudzātu vidusskola,6031408,ANG12,66.80%
Rudzātu vidusskola,6031408,MAT12,70.83%
Rudzātu vidusskola,6031408,LAT12,65.60%
Rugāju novada vidusskola,9231402,ANG12,54.93%
Rugāju novada vidusskola,9231402,MAT12,61.97%
Rugāju novada vidusskola,9231402,LAT12,67.22%
Rūjienas vidusskola,9431304,ANG12,57.84%
Rūjienas vidusskola,9431304,MAT12,40.94%
Rūjienas vidusskola,9431304,LAT12,55.72%
Sabiles vidusskola,10731311,ANG12,39.79%
Sabiles vidusskola,10731311,MAT12,21.51%
Sabiles vidusskola,10731311,LAT12,42.22%
Salacgrīvas vidusskola,9531303,ANG12,63.48%
Salacgrīvas vidusskola,9531303,MAT12,54.61%
Salacgrīvas vidusskola,9531303,LAT12,58.28%
Salas vidusskola,9631404,ANG12,57.54%
Salas vidusskola,9631404,MAT12,51.12%
Salas vidusskola,9631404,LAT12,69.61%
"Salaspils novada pašvaldības iestāde ""Salaspils 1. vidusskola""",9731301,ANG12,60.23%
"Salaspils novada pašvaldības iestāde ""Salaspils 1. vidusskola""",9731301,MAT12,44.21%
"Salaspils novada pašvaldības iestāde ""Salaspils 1. vidusskola""",9731301,LAT12,60.44%
"Salaspils novada pašvaldības iestāde ""Salaspils 2. vidusskola""",9733302,ANG12,51.78%
"Salaspils novada pašvaldības iestāde ""Salaspils 2. vidusskola""",9733302,MAT12,39.88%
"Salaspils novada pašvaldības iestāde ""Salaspils 2. vidusskola""",9733302,LAT12,37.79%
Saldus 1.vidusskola,9831303,ANG12,71.06%
Saldus 1.vidusskola,9831303,MAT12,57.03%
Saldus 1.vidusskola,9831303,LAT12,67.39%
Saldus 2. vidusskola,9831302,ANG12,63.98%
Saldus 2. vidusskola,9831302,MAT12,47.10%
Saldus 2. vidusskola,9831302,LAT12,69.26%
Saldus novada pašvaldības Druvas vidusskola,9831405,ANG12,67.68%
Saldus novada pašvaldības Druvas vidusskola,9831405,MAT12,57.80%
Saldus novada pašvaldības Druvas vidusskola,9831405,LAT12,74.78%
Saldus novada pašvaldības Ezeres vidusskola,9831406,ANG12,38.15%
Saldus novada pašvaldības Ezeres vidusskola,9831406,MAT12,26.63%
Saldus novada pašvaldības Ezeres vidusskola,9831406,LAT12,49.77%
Saldus novada pašvaldības Kalnu vidusskola,9831408,ANG12,49.69%
Saldus novada pašvaldības Kalnu vidusskola,9831408,MAT12,59.89%
Saldus novada pašvaldības Kalnu vidusskola,9831408,LAT12,50.30%
Saldus Profesionālā vidusskola,9871320,ANG12,38.36%
Saldus Profesionālā vidusskola,9871320,MAT12,24.79%
Saldus Profesionālā vidusskola,9871320,LAT12,43.06%
Saldus Vakara vidusskola,9841322,ANG12,48.93%
Saldus Vakara vidusskola,9841322,MAT12,26.15%
Saldus Vakara vidusskola,9841322,LAT12,50.26%
Salienas vidusskola,2533412,ANG12,41.52%
Salienas vidusskola,2533412,MAT12,58.89%
Salienas vidusskola,2533412,LAT12,47.34%
Saulaines Profesionālā vidusskola,9371402,ANG12,34.62%
Saulaines Profesionālā vidusskola,9371402,MAT12,20.49%
Saulaines Profesionālā vidusskola,9371402,LAT12,38.97%
Saulkrastu vidusskola,9931301,ANG12,62.20%
Saulkrastu vidusskola,9931301,MAT12,49.87%
Saulkrastu vidusskola,9931301,LAT12,56.55%
Siguldas pilsētas vidusskola,10133311,ANG12,47.99%
Siguldas pilsētas vidusskola,10133311,MAT12,40.70%
Siguldas pilsētas vidusskola,10133311,LAT12,49.94%
Siguldas Valsts ģimnāzija,10161310,ANG12,75.56%
Siguldas Valsts ģimnāzija,10161310,MAT12,69.57%
Siguldas Valsts ģimnāzija,10161310,LAT12,74.75%
Skaistkalnes vidusskola,11731403,ANG12,57.14%
Skaistkalnes vidusskola,11731403,MAT12,26.37%
Skaistkalnes vidusskola,11731403,LAT12,49.81%
Skrundas Profesionālā vidusskola,10371406,ANG12,30.01%
Skrundas Profesionālā vidusskola,10371406,MAT12,21.41%
Skrundas Profesionālā vidusskola,10371406,LAT12,39.99%
Skrundas vidusskola,10331307,ANG12,66.67%
Skrundas vidusskola,10331307,MAT12,61.25%
Skrundas vidusskola,10331307,LAT12,72.22%
Smiltenes Centra vidusskola,10431309,ANG12,62.33%
Smiltenes Centra vidusskola,10431309,MAT12,48.54%
Smiltenes Centra vidusskola,10431309,LAT12,59.73%
Smiltenes ģimnāzija,10451310,ANG12,67.17%
Smiltenes ģimnāzija,10451310,MAT12,60.24%
Smiltenes ģimnāzija,10451310,LAT12,65.28%
Smiltenes tehnikums,10471412,ANG12,33.55%
Smiltenes tehnikums,10471412,MAT12,17.86%
Smiltenes tehnikums,10471412,LAT12,39.94%
Sociālās integrācijas valsts aģentūras Jūrmalas profesionālā vidusskola,4671220,ANG12,53.46%
Sociālās integrācijas valsts aģentūras Jūrmalas profesionālā vidusskola,4671220,MAT12,37.55%
Sociālās integrācijas valsts aģentūras Jūrmalas profesionālā vidusskola,4671220,LAT12,55.21%
Staiceles vidusskola,531304,ANG12,46.64%
Staiceles vidusskola,531304,MAT12,25.00%
Staiceles vidusskola,531304,LAT12,51.20%
Stalbes vidusskola,7331405,ANG12,35.42%
Stalbes vidusskola,7331405,MAT12,17.36%
Stalbes vidusskola,7331405,LAT12,40.55%
Staļģenes vidusskola,4231418,ANG12,34.58%
Staļģenes vidusskola,4231418,MAT12,24.00%
Staļģenes vidusskola,4231418,LAT12,30.91%
Starptautiskā komercialā profesionalā vidusskola,8671127,ANG12,46.89%
Starptautiskā komercialā profesionalā vidusskola,8671127,MAT12,30.14%
Starptautiskā komercialā profesionalā vidusskola,8671127,LAT12,37.46%
Strenču novada vidusskola,10633303,ANG12,43.96%
Strenču novada vidusskola,10633303,MAT12,43.12%
Strenču novada vidusskola,10633303,LAT12,54.13%
Suntažu vidusskola,7031418,ANG12,63.91%
Suntažu vidusskola,7031418,MAT12,59.65%
Suntažu vidusskola,7031418,LAT12,60.55%
Sventes vidusskola,2531415,ANG12,48.14%
Sventes vidusskola,2531415,MAT12,44.76%
Sventes vidusskola,2531415,LAT12,33.82%
Š. Dubnova Rīgas Ebreju vidusskola,8632145,ANG12,71.86%
Š. Dubnova Rīgas Ebreju vidusskola,8632145,MAT12,76.94%
Š. Dubnova Rīgas Ebreju vidusskola,8632145,LAT12,50.44%
Špoģu vidusskola,2533416,ANG12,62.91%
Špoģu vidusskola,2533416,MAT12,72.50%
Špoģu vidusskola,2533416,LAT12,69.08%
"Tālmācības vidusskola ""Rīgas Komercskola""",8541160,ANG12,58.89%
"Tālmācības vidusskola ""Rīgas Komercskola""",8541160,MAT12,34.20%
"Tālmācības vidusskola ""Rīgas Komercskola""",8541160,LAT12,47.79%
Talsu 2. vidusskola,10731316,ANG12,62.24%
Talsu 2. vidusskola,10731316,MAT12,47.83%
Talsu 2. vidusskola,10731316,LAT12,63.25%
Talsu Kristīgā vidusskola,10731317,ANG12,74.91%
Talsu Kristīgā vidusskola,10731317,MAT12,54.71%
Talsu Kristīgā vidusskola,10731317,LAT12,72.77%
Talsu novada Vakara un neklātienes vidusskola,10741318,ANG12,47.27%
Talsu novada Vakara un neklātienes vidusskola,10741318,MAT12,23.61%
Talsu novada Vakara un neklātienes vidusskola,10741318,LAT12,46.70%
Talsu Valsts ģimnāzija,10761321,ANG12,65.40%
Talsu Valsts ģimnāzija,10761321,MAT12,52.20%
Talsu Valsts ģimnāzija,10761321,LAT12,68.80%
Tilžas vidusskola,1531415,ANG12,64.48%
Tilžas vidusskola,1531415,MAT12,61.70%
Tilžas vidusskola,1531415,LAT12,64.29%
Tiskādu vidusskola,8032432,ANG12,47.54%
Tiskādu vidusskola,8032432,MAT12,40.06%
Tiskādu vidusskola,8032432,LAT12,36.83%
Tukuma 2. vidusskola,10931313,ANG12,54.70%
Tukuma 2. vidusskola,10931313,MAT12,38.20%
Tukuma 2. vidusskola,10931313,LAT12,52.35%
Tukuma Raiņa ģimnāzija,10951317,ANG12,64.34%
Tukuma Raiņa ģimnāzija,10951317,MAT12,52.50%
Tukuma Raiņa ģimnāzija,10951317,LAT12,71.38%
Tukuma Vakara un neklātienes vidusskola,10941319,ANG12,40.07%
Tukuma Vakara un neklātienes vidusskola,10941319,MAT12,20.27%
Tukuma Vakara un neklātienes vidusskola,10941319,LAT12,45.57%
Tumes vidusskola,10931420,ANG12,50.87%
Tumes vidusskola,10931420,MAT12,41.06%
Tumes vidusskola,10931420,LAT12,57.30%
Ugāles vidusskola,11831408,ANG12,51.23%
Ugāles vidusskola,11831408,MAT12,42.24%
Ugāles vidusskola,11831408,LAT12,52.22%
Ulbrokas vidusskola,10531303,ANG12,67.58%
Ulbrokas vidusskola,10531303,MAT12,44.15%
Ulbrokas vidusskola,10531303,LAT12,63.72%
Uzvaras vidusskola,1631419,ANG12,72.96%
Uzvaras vidusskola,1631419,MAT12,62.73%
Uzvaras vidusskola,1631419,LAT12,63.40%
V. Plūdoņa Kuldīgas ģimnāzija,5351318,ANG12,65.61%
V. Plūdoņa Kuldīgas ģimnāzija,5351318,MAT12,54.04%
V. Plūdoņa Kuldīgas ģimnāzija,5351318,LAT12,64.14%
Vaboles vidusskola,2531418,ANG12,56.79%
Vaboles vidusskola,2531418,MAT12,63.57%
Vaboles vidusskola,2531418,LAT12,66.42%
Vaiņodes vidusskola,11031402,ANG12,60.54%
Vaiņodes vidusskola,11031402,MAT12,54.87%
Vaiņodes vidusskola,11031402,LAT12,56.33%
Valdemārpils vidusskola,10731324,ANG12,48.02%
Valdemārpils vidusskola,10731324,MAT12,47.31%
Valdemārpils vidusskola,10731324,LAT12,64.95%
Valkas ģimnāzija,11151304,ANG12,69.13%
Valkas ģimnāzija,11151304,MAT12,47.92%
Valkas ģimnāzija,11151304,LAT12,60.05%
Valmieras 2. vidusskola,11333201,ANG12,57.57%
Valmieras 2. vidusskola,11333201,MAT12,53.16%
Valmieras 2. vidusskola,11333201,LAT12,45.58%
Valmieras 2.vidusskolas filiāle,11341202,ANG12,44.11%
Valmieras 2.vidusskolas filiāle,11341202,MAT12,23.04%
Valmieras 2.vidusskolas filiāle,11341202,LAT12,46.87%
Valmieras 5. vidusskola,11331204,ANG12,55.15%
Valmieras 5. vidusskola,11331204,MAT12,46.49%
Valmieras 5. vidusskola,11331204,LAT12,51.92%
Valmieras Mākslas vidusskola,11371205,ANG12,55.85%
Valmieras Mākslas vidusskola,11371205,MAT12,38.25%
Valmieras Mākslas vidusskola,11371205,LAT12,51.55%
Valmieras Pārgaujas ģimnāzija,11351207,ANG12,67.11%
Valmieras Pārgaujas ģimnāzija,11351207,MAT12,52.73%
Valmieras Pārgaujas ģimnāzija,11351207,LAT12,67.07%
Valmieras Profesionālā vidusskola,11371216,ANG12,35.69%
Valmieras Profesionālā vidusskola,11371216,MAT12,22.86%
Valmieras Profesionālā vidusskola,11371216,LAT12,51.38%
Valmieras Valsts ģimnāzija,11361212,ANG12,69.97%
Valmieras Valsts ģimnāzija,11361212,MAT12,60.38%
Valmieras Valsts ģimnāzija,11361212,LAT12,66.50%
Valmieras Viestura vidusskola,11331213,ANG12,64.93%
Valmieras Viestura vidusskola,11331213,MAT12,48.13%
Valmieras Viestura vidusskola,11331213,LAT12,67.74%
"Valsts sabiedrība ar ierobežotu atbildību ""Bulduru Dārzkopības vidusskola""",4671222,ANG12,38.76%
"Valsts sabiedrība ar ierobežotu atbildību ""Bulduru Dārzkopības vidusskola""",4671222,MAT12,26.70%
"Valsts sabiedrība ar ierobežotu atbildību ""Bulduru Dārzkopības vidusskola""",4671222,LAT12,43.38%
"Valsts sabiedrība ar ierobežotu atbildību ""Rīgas Tūrisma un radošās industrijas tehnikums""",8671146,ANG12,43.39%
"Valsts sabiedrība ar ierobežotu atbildību ""Rīgas Tūrisma un radošās industrijas tehnikums""",8671146,MAT12,19.14%
"Valsts sabiedrība ar ierobežotu atbildību ""Rīgas Tūrisma un radošās industrijas tehnikums""",8671146,LAT12,44.11%
VANG12ažu vidusskola,3833302,ANG12,49.72%
VANG12ažu vidusskola,3833302,MAT12,33.31%
VANG12ažu vidusskola,3833302,LAT12,50.16%
Varakļānu vidusskola,11431303,ANG12,54.98%
Varakļānu vidusskola,11431303,MAT12,40.19%
Varakļānu vidusskola,11431303,LAT12,62.08%
Vārkavas vidusskola,11531404,ANG12,52.18%
Vārkavas vidusskola,11531404,MAT12,40.09%
Vārkavas vidusskola,11531404,LAT12,56.98%
Vecbebru Profesionālā un vispārizglītojošā internātvidusskola,4971406,ANG12,34.59%
Vecbebru Profesionālā un vispārizglītojošā internātvidusskola,4971406,MAT12,18.16%
Vecbebru Profesionālā un vispārizglītojošā internātvidusskola,4971406,LAT12,47.74%
Vecpiebalgas vidusskola,11631405,ANG12,58.64%
Vecpiebalgas vidusskola,11631405,MAT12,38.01%
Vecpiebalgas vidusskola,11631405,LAT12,56.73%
Vecumnieku novada Domes Valles vidusskola,11731406,ANG12,54.21%
Vecumnieku novada Domes Valles vidusskola,11731406,MAT12,40.16%
Vecumnieku novada Domes Valles vidusskola,11731406,LAT12,69.44%
Vecumnieku vidusskola,11731407,ANG12,53.91%
Vecumnieku vidusskola,11731407,MAT12,48.04%
Vecumnieku vidusskola,11731407,LAT12,62.87%
Ventspils 1. ģimnāzija,11951203,ANG12,73.78%
Ventspils 1. ģimnāzija,11951203,MAT12,63.70%
Ventspils 1. ģimnāzija,11951203,LAT12,70.35%
Ventspils 2. vidusskola,11933206,ANG12,56.61%
Ventspils 2. vidusskola,11933206,MAT12,58.00%
Ventspils 2. vidusskola,11933206,LAT12,36.61%
Ventspils 3. vidusskola,11933207,ANG12,65.76%
Ventspils 3. vidusskola,11933207,MAT12,45.53%
Ventspils 3. vidusskola,11933207,LAT12,44.83%
Ventspils 4. vidusskola,11931208,ANG12,67.04%
Ventspils 4. vidusskola,11931208,MAT12,60.10%
Ventspils 4. vidusskola,11931208,LAT12,61.00%
Ventspils 5. vidusskola,11931209,ANG12,56.28%
Ventspils 5. vidusskola,11931209,MAT12,42.05%
Ventspils 5. vidusskola,11931209,LAT12,59.04%
Ventspils 6. vidusskola,11933210,ANG12,56.67%
Ventspils 6. vidusskola,11933210,MAT12,44.94%
Ventspils 6. vidusskola,11933210,LAT12,52.22%
Ventspils Mūzikas vidusskola,11971212,ANG12,60.59%
Ventspils Mūzikas vidusskola,11971212,MAT12,36.92%
Ventspils Mūzikas vidusskola,11971212,LAT12,57.77%
Ventspils Tehnikums,11971216,ANG12,43.40%
Ventspils Tehnikums,11971216,MAT12,23.25%
Ventspils Tehnikums,11971216,LAT12,44.65%
Ventspils vakara vidusskola,11943214,ANG12,51.42%
Ventspils vakara vidusskola,11943214,MAT12,26.55%
Ventspils vakara vidusskola,11943214,LAT12,43.53%
Viduslatgales Profesionālā vidusskola Dagda,2471305,ANG12,32.22%
Viduslatgales Profesionālā vidusskola Dagda,2471305,MAT12,45.42%
Viduslatgales Profesionālā vidusskola Dagda,2471305,LAT12,27.41%
Viduslatgales Profesionālā vidusskola Jaunaglona,171404,ANG12,25.09%
Viduslatgales Profesionālā vidusskola Jaunaglona,171404,MAT12,11.89%
Viduslatgales Profesionālā vidusskola Jaunaglona,171404,LAT12,24.66%
Viduslatgales Profesionālā vidusskola Preiļi,7671300,ANG12,26.81%
Viduslatgales Profesionālā vidusskola Preiļi,7671300,MAT12,15.86%
Viduslatgales Profesionālā vidusskola Preiļi,7671300,LAT12,36.85%
Viduslatgales Profesionālā vidusskola Višķi,2571419,ANG12,35.87%
Viduslatgales Profesionālā vidusskola Višķi,2571419,MAT12,30.75%
Viduslatgales Profesionālā vidusskola Višķi,2571419,LAT12,42.66%
Vidzemes Augstskola,11391212,ANG12,18.25%
Vidzemes Augstskola,11391212,MAT12,73.75%
Viesītes vidusskola,12031303,ANG12,46.76%
Viesītes vidusskola,12031303,MAT12,49.37%
Viesītes vidusskola,12031303,LAT12,58.46%
Viļakas Valsts ģimnāzija,12161321,ANG12,67.41%
Viļakas Valsts ģimnāzija,12161321,MAT12,71.17%
Viļakas Valsts ģimnāzija,12161321,LAT12,63.40%
Viļānu 41. arodvidusskola,8171302,ANG12,22.16%
Viļānu 41. arodvidusskola,8171302,MAT12,19.33%
Viļānu 41. arodvidusskola,8171302,LAT12,31.11%
Viļānu vidusskola,12233303,ANG12,46.95%
Viļānu vidusskola,12233303,MAT12,39.29%
Viļānu vidusskola,12233303,LAT12,50.08%
Zaļenieku komerciālā un aMAT12niecības vidusskola,4271424,ANG12,16.82%
Zaļenieku komerciālā un aMAT12niecības vidusskola,4271424,MAT12,16.29%
Zaļenieku komerciālā un aMAT12niecības vidusskola,4271424,LAT12,28.05%
Zasas vidusskola,4431409,ANG12,52.15%
Zasas vidusskola,4431409,MAT12,45.45%
Zasas vidusskola,4431409,LAT12,68.65%
Zemgales vidusskola,2532420,ANG12,32.83%
Zemgales vidusskola,2532420,MAT12,46.12%
Zemgales vidusskola,2532420,LAT12,47.88%
Zemgales vidusskola,10931421,ANG12,61.44%
Zemgales vidusskola,10931421,MAT12,43.02%
Zemgales vidusskola,10931421,LAT12,58.51%
Ziemeļvalstu ģimnāzija,8751128,ANG12,75.57%
Ziemeļvalstu ģimnāzija,8751128,MAT12,56.81%
Ziemeļvalstu ģimnāzija,8751128,LAT12,70.56%
Zilupes vidusskola,12333303,ANG12,54.01%
Zilupes vidusskola,12333303,MAT12,40.00%
Zilupes vidusskola,12333303,LAT12,43.61%
Zvejniekciema vidusskola,9931302,ANG12,68.28%
Zvejniekciema vidusskola,9931302,MAT12,60.10%
Zvejniekciema vidusskola,9931302,LAT12,74.53%
