IzglītībasIestāde,Kopvērtējums,Kārtotāju skaits,Priekšmets
A. Spāģa Dunalkas pamatskola,45.33%,6,ANG9
Ābeļu pamatskola,58.50%,4,ANG9
Ādažu vidusskola,79.61%,70,ANG9
Āgenskalna Valsts ģimnāzija,88.38%,108,ANG9
Aglonas internātvidusskola,54.50%,2,ANG9
Aglonas vidusskola,82.08%,6,ANG9
Aizkraukles novada vidusskola,75.28%,50,ANG9
Aizkraukles Vakara (maiņu) vidusskola,55.75%,6,ANG9
Aizputes k/p (strukt.),65.00%,1,ANG9
Aizputes pagasta pamatskola,71.50%,9,ANG9
Aizputes vidusskola,74.53%,37,ANG9
Aizupes pamatskola,91.67%,3,ANG9
Aknīstes vidusskola,78.00%,7,ANG9
Allažu pamatskola,80.73%,11,ANG9
Alojas Ausekļa vidusskola,83.23%,15,ANG9
Alsungas vidusskola,72.00%,9,ANG9
Alūksnes novada vidusskola,60.86%,11,ANG9
Amatas novada Skujenes pamatskola,63.08%,6,ANG9
Amatas pamatskola,70.38%,8,ANG9
Ances pamatskola,64.67%,3,ANG9
Andreja Eglīša Ļaudonas vidusskola,81.00%,6,ANG9
Andreja Pumpura Rīgas 11. pamatskola,80.67%,30,ANG9
Andreja Upīša Skrīveru vidusskola,80.39%,23,ANG9
Andrupenes pamatskola,73.00%,2,ANG9
Annas Brigaderes pamatskola,48.80%,5,ANG9
Apriķu pamatskola,44.50%,1,ANG9
Ata Kronvalda Durbes vidusskola,83.32%,11,ANG9
Auces vidusskola,76.52%,26,ANG9
Audriņu pamatskola,54.30%,5,ANG9
Augstkalnes vidusskola,75.65%,10,ANG9
Babītes vidusskola,84.67%,46,ANG9
Baldones Mūzikas pamatskola,87.61%,9,ANG9
Baldones vidusskola,75.75%,26,ANG9
Baložu vidusskola,76.98%,22,ANG9
Baltinavas vidusskola,80.10%,5,ANG9
Balvu pamatskola,43.50%,3,ANG9
Balvu profesionālā un vispārizglītojošā vidusskola (prof.),67.94%,8,ANG9
Balvu Valsts ģimnāzija,72.69%,44,ANG9
Barkavas pamatskola,65.50%,7,ANG9
Baumaņu Kārļa Viļķenes pamatskola,69.14%,7,ANG9
Bauskas 2. vidusskola,68.88%,17,ANG9
Bauskas pilsētas pamatskola,68.92%,26,ANG9
Bauskas Valsts ģimnāzija,87.31%,42,ANG9
Bebrenes vispārizglītojošā un profesionālā vidusskola (prof.),72.25%,6,ANG9
Bebru pamatskola,58.75%,4,ANG9
Bejas pamatskola,71.72%,9,ANG9
Bēnes vidusskola,64.44%,18,ANG9
Berģu Mūzikas un mākslas pamatskola (prof.),86.38%,12,ANG9
Bērzaunes pamatskola,77.33%,3,ANG9
Bērzgales pamatskola (strukt.),94.88%,4,ANG9
Bērzpils vidusskola,71.40%,5,ANG9
Bikstu pamatskola,67.40%,5,ANG9
Biķernieku pamatskola,48.05%,11,ANG9
Bilskas pamatskola,64.08%,6,ANG9
Birzgales pamatskola,94.75%,4,ANG9
Biržu internātpamatskola,51.50%,2,ANG9
Biržu pamatskola,67.60%,5,ANG9
Blīdenes pamatskola,70.06%,8,ANG9
Blomes pamatskola,51.50%,5,ANG9
Brāļu Skrindu Atašienes vidusskola,84.25%,8,ANG9
Briežuciema pamatskola,69.00%,3,ANG9
Brocēnu vidusskola,73.58%,20,ANG9
Burtnieku Ausekļa pamatskola,69.00%,4,ANG9
Carnikavas pamatskola,76.17%,12,ANG9
Cēres pamatskola,71.67%,6,ANG9
Cēsu 1. pamatskola,87.21%,17,ANG9
Cēsu 2. pamatskola,79.96%,26,ANG9
Cēsu 2. vakara (maiņu) vidusskola,53.25%,2,ANG9
Cēsu internātpamatskola - rehabilitācijas centrs,82.75%,2,ANG9
Cēsu Pilsētas vidusskola,74.82%,31,ANG9
Cēsu Valsts ģimnāzija,89.87%,46,ANG9
Cesvaines internātpamatskola,38.58%,6,ANG9
Cesvaines vidusskola,66.43%,21,ANG9
Ciblas vidusskola,72.50%,1,ANG9
Codes pamatskola,66.00%,7,ANG9
Dagdas vidusskola,72.00%,9,ANG9
Daudzeses pamatskola,76.38%,4,ANG9
Daugavgrīvas cietums (strukt.),40.67%,6,ANG9
Daugavpils 10. vidusskola,63.11%,67,ANG9
Daugavpils 11. pamatskola,38.75%,20,ANG9
Daugavpils 12. vidusskola,72.10%,15,ANG9
Daugavpils 13. vidusskola,68.68%,41,ANG9
Daugavpils 15. vidusskola,56.43%,46,ANG9
Daugavpils 16. vidusskola,65.07%,43,ANG9
Daugavpils 17. vidusskola,51.89%,28,ANG9
Daugavpils 3. vidusskola,70.24%,56,ANG9
Daugavpils 9. vidusskola,66.30%,45,ANG9
Daugavpils Centra vidusskola,60.82%,34,ANG9
Daugavpils Krievu vidusskola - licejs,81.36%,59,ANG9
Daugavpils logopēdiskā internātpamatskola - attīstības centrs,50.00%,10,ANG9
Daugavpils Saskaņas pamatskola,70.87%,35,ANG9
Daugavpils Valsts ģimnāzija,72.04%,13,ANG9
Daugavpils Vienības pamatskola,75.50%,10,ANG9
Daugmales pamatskola,64.79%,12,ANG9
Dāvja Ozoliņa Apes vidusskola,63.27%,13,ANG9
Degumnieku pamatskola,61.20%,5,ANG9
Dekšāru pamatskola,76.92%,6,ANG9
Dignājas pamatskola,63.00%,3,ANG9
Dobeles 1. vidusskola,74.10%,26,ANG9
Dobeles Amatniecības un vispārizglītojošā vidusskola (prof.),69.30%,5,ANG9
Dobeles Kristīgā pamatskola,72.60%,5,ANG9
Dobeles Valsts ģimnāzija,83.44%,39,ANG9
Drabešu internātpamatskola,49.50%,2,ANG9
Draudzīgā Aicinājuma Cēsu Valsts ģimnāzija,81.34%,29,ANG9
Dravnieku pamatskola,78.00%,4,ANG9
Dricānu vidusskola,80.90%,5,ANG9
Drustu pamatskola,68.17%,3,ANG9
Druvienas pamatskola,64.65%,10,ANG9
Dunavas pamatskola,80.25%,2,ANG9
Dundagas vidusskola,75.43%,22,ANG9
Dzelzavas pamatskola,80.93%,15,ANG9
Dzērbenes vispārizglītojošā un mūzikas pamatskola (prof.),60.88%,4,ANG9
Dzērves pamatskola,69.80%,10,ANG9
Dzimtmisas pamatskola,83.94%,9,ANG9
Džūkstes pamatskola,61.81%,8,ANG9
Edgara Kauliņa Lielvārdes vidusskola,79.55%,38,ANG9
Ēdoles pamatskola,60.56%,8,ANG9
Elejas vidusskola,75.45%,11,ANG9
Emīla Dārziņa mūzikas vidusskola (prof.),82.64%,28,ANG9
Engures vidusskola,66.45%,22,ANG9
Ērgļu vidusskola,76.83%,15,ANG9
Ērģemes pamatskola,62.00%,4,ANG9
Ernsta Glika Alūksnes Valsts ģimnāzija,80.79%,38,ANG9
Ēveles pamatskola,60.00%,5,ANG9
Ezernieku vidusskola,62.25%,2,ANG9
Feimaņu pamatskola,64.00%,1,ANG9
"filiāle ""Laidzes pamatskola"" (strukt.)",70.28%,9,ANG9
Friča Brīvzemnieka pamatskola,71.17%,18,ANG9
Gaigalavas pamatskola,85.38%,4,ANG9
Gaiķu pamatskola,71.75%,2,ANG9
Galēnu pamatskola,89.80%,5,ANG9
Galgauskas pamatskola,74.42%,6,ANG9
Gardenes pamatskola,58.25%,4,ANG9
Garkalnes Mākslu un vispārizglītojošā vidusskola (prof.),82.25%,10,ANG9
Garlība Merķeļa Lēdurgas pamatskola,71.50%,12,ANG9
Garozas pamatskola,72.50%,3,ANG9
Gaujienas internātpamatskola,52.20%,5,ANG9
Gaviezes pamatskola,58.40%,5,ANG9
Gramzdas pamatskola,60.33%,6,ANG9
Griķu pamatskola,40.00%,2,ANG9
Grobiņas ģimnāzija,73.62%,43,ANG9
Grundzāles pamatskola,79.38%,8,ANG9
Gulbenes 2. vidusskola,80.62%,26,ANG9
Gulbenes novada valsts ģimnāzija,85.85%,17,ANG9
Gulbenes vidusskola,78.34%,19,ANG9
Gulbīša vidusskola,63.90%,5,ANG9
Iecavas internātpamatskola,77.75%,4,ANG9
Iecavas vidusskola,81.64%,32,ANG9
Ikšķiles vidusskola,84.23%,47,ANG9
Ilmāra Gaiša Kokneses vidusskola,78.74%,23,ANG9
Ilūkstes 1. vidusskola,84.50%,9,ANG9
Ilūkstes Sadraudzības vidusskola,50.41%,11,ANG9
Ilzenes pamatskola,45.00%,2,ANG9
Iļģuciema vidusskola,85.93%,20,ANG9
Inčukalna pamatskola,74.42%,19,ANG9
Indras pamatskola,76.50%,1,ANG9
Inešu pamatskola (prof.),66.75%,4,ANG9
"Informācijas sistēmu menedžmenta augstskolas vidusskola ""PREMJERS""",73.04%,14,ANG9
Irlavas vidusskola,67.81%,13,ANG9
Īslīces vidusskola,74.58%,12,ANG9
Istras vidusskola,48.63%,12,ANG9
Izvaltas pamatskola,66.33%,3,ANG9
J. Čakstes Liepājas pilsētas 10. vidusskola,78.38%,33,ANG9
J. Endzelīna Kauguru pamatskola,73.35%,17,ANG9
J. Raiņa Daugavpils 6. vidusskola,46.89%,28,ANG9
J.G.Herdera Rīgas Grīziņkalna vidusskola,62.00%,18,ANG9
J.Pilsudska Daugavpils valsts poļu ģimnāzija,61.72%,30,ANG9
Jankas Kupalas Rīgas Baltkrievu pamatskola,52.75%,14,ANG9
Jāņa Zālīša Sausnējas pamatskola,75.25%,6,ANG9
Jaunannas Mūzikas un mākslas pamatskola (prof.),71.86%,7,ANG9
Jaunburtnieku pamatskola,60.29%,12,ANG9
Jaunjelgavas vidusskola,88.13%,8,ANG9
Jaunlaicenes pamatskola,60.25%,4,ANG9
Jaunmārupes pamatskola,87.13%,16,ANG9
Jaunogres vidusskola,62.93%,43,ANG9
Jaunpiebalgas vidusskola,72.08%,18,ANG9
Jaunpils vidusskola,71.06%,18,ANG9
Jaunsilavas pamatskola,82.50%,1,ANG9
Jaunstrūžānu pamatskola,81.00%,1,ANG9
Jēkabpils 2. vidusskola,52.63%,44,ANG9
Jēkabpils 3. vidusskola,82.88%,20,ANG9
Jēkabpils Agrobiznesa koledža (prof.),52.00%,2,ANG9
Jēkabpils vakara vidusskola,78.40%,5,ANG9
Jēkabpils Valsts ģimnāzija,82.60%,65,ANG9
Jelgavas 1. internātpamatskola,70.83%,6,ANG9
Jelgavas 2. pamatskola,64.11%,41,ANG9
Jelgavas 4. vidusskola,81.84%,52,ANG9
Jelgavas 5. vidusskola,61.28%,36,ANG9
Jelgavas 6. vidusskola,64.21%,54,ANG9
Jelgavas Amatu vidusskola (prof.),52.50%,3,ANG9
Jelgavas cietums (strukt.),46.50%,2,ANG9
Jelgavas novada Neklātienes vidusskola,66.13%,4,ANG9
Jelgavas Spīdolas ģimnāzija,86.52%,77,ANG9
Jelgavas Tehnoloģiju vidusskola,69.46%,46,ANG9
Jelgavas Vakara (maiņu) vidusskola,69.40%,5,ANG9
Jelgavas Valsts ģimnāzija,82.66%,93,ANG9
Jersikas pamatskola,72.63%,4,ANG9
Jumpravas vidusskola,70.33%,15,ANG9
Jura Neikena Dikļu pamatskola,85.25%,2,ANG9
Jūrmalas Alternatīvā skola,91.70%,15,ANG9
Jūrmalas pilsētas Jaundubultu vidusskola,70.10%,24,ANG9
Jūrmalas pilsētas Kauguru vidusskola,57.99%,39,ANG9
Jūrmalas pilsētas Lielupes pamatskola,87.39%,9,ANG9
Jūrmalas pilsētas Mežmalas vidusskola,64.89%,38,ANG9
Jūrmalas vakara vidusskola,62.36%,7,ANG9
Jūrmalas Valsts ģimnāzija,91.39%,32,ANG9
K. Valdemāra pamatskola,54.67%,3,ANG9
Kalētu pamatskola,76.17%,3,ANG9
Kalnciema pagasta vidusskola,70.13%,4,ANG9
Kalnciema vidusskola,72.93%,14,ANG9
Kalsnavas pamatskola,69.39%,9,ANG9
Kalvenes pamatskola,68.33%,3,ANG9
Kandavas internātvidusskola,74.77%,28,ANG9
Kandavas Kārļa Mīlenbaha vidusskola,67.66%,25,ANG9
Kandavas novada Zantes pamatskola,61.94%,8,ANG9
Kapsēdes pamatskola,59.45%,10,ANG9
Kārķu pamatskola,74.00%,6,ANG9
Kārsavas vidusskola,81.90%,5,ANG9
Kaunatas vidusskola,81.57%,7,ANG9
Kocēnu pamatskola,82.53%,15,ANG9
Kolkas pamatskola,72.57%,7,ANG9
Krapes filiāle (strukt.),82.83%,3,ANG9
Krāslavas gr. Plāteru v.n. Poļu pamatskola,52.00%,4,ANG9
Krāslavas pamatskola,78.54%,12,ANG9
Krāslavas Valsts ģimnāzija,68.88%,13,ANG9
Krāslavas Varavīksnes vidusskola,55.26%,42,ANG9
Krimuldas vidusskola,73.83%,30,ANG9
Kristiāna Dāvida pamatskola,56.00%,3,ANG9
Krišjāņa Valdemāra Ainažu pamatskola,81.41%,11,ANG9
Krotes Kronvalda Ata pamatskola,65.39%,9,ANG9
Kruķu pamatskola (strukt.),49.43%,7,ANG9
Krustpils pamatskola,77.71%,7,ANG9
Kuldīgas 2. vidusskola,66.17%,24,ANG9
Kuldīgas Centra vidusskola,77.37%,49,ANG9
Kuldīgas Mākslas un humanitāro zinību vidusskola (prof.),84.81%,13,ANG9
Kuldīgas pamatskola,83.38%,17,ANG9
Kuldīgas pamatskolas Basu filiāle (strukt.),70.75%,4,ANG9
Kusas pamatskola,64.33%,9,ANG9
Ķeguma komercnovirziena vidusskola,76.96%,12,ANG9
Ķeipenes pamatskola,72.10%,5,ANG9
Ķekavas vidusskola,75.29%,59,ANG9
Ķemeru pamatskola,81.88%,4,ANG9
Lāču pamatskola,51.55%,10,ANG9
Lādezera pamatskola,68.21%,7,ANG9
Laidu pamatskola,69.50%,7,ANG9
Lapmežciema pamatskola,79.70%,5,ANG9
Laucesas pamatskola,65.00%,4,ANG9
Laucienes pamatskola,78.39%,9,ANG9
"Laucienes pamatskolas filiāle ""Dursupes pamatskola"" (strukt.)",66.40%,5,ANG9
Lazdonas pamatskola,57.38%,4,ANG9
Lēdmanes pamatskola,78.15%,10,ANG9
Lejasciema vidusskola,48.10%,5,ANG9
Lielvārdes pamatskola,73.91%,23,ANG9
Liepājas 3. pamatskola,57.35%,30,ANG9
Liepājas 7. vidusskola,61.41%,58,ANG9
Liepājas 8. vidusskola,72.51%,35,ANG9
Liepājas A. Puškina 2. vidusskola,65.94%,54,ANG9
Liepājas internātpamatskola,55.38%,8,ANG9
Liepājas Katoļu pamatskola,81.38%,4,ANG9
Liepājas pilsētas 12. vidusskola,54.47%,39,ANG9
Liepājas Raiņa 6. vidusskola,75.97%,54,ANG9
Liepājas vakara (maiņu) vidusskola,68.50%,5,ANG9
Liepājas Valsts 1. ģimnāzija,82.30%,76,ANG9
Liepas pamatskola,78.94%,8,ANG9
Liepnas internātpamatskola,50.17%,3,ANG9
Liepnas vidusskola,73.25%,2,ANG9
Liepu pamatskola (strukt.),45.46%,12,ANG9
Liepupes vidusskola,79.78%,9,ANG9
Liezēres pamatskola,60.70%,5,ANG9
Līgatnes novada vidusskola,82.93%,14,ANG9
Limbažu 3. vidusskola,75.25%,26,ANG9
Limbažu novada ģimnāzija,77.79%,38,ANG9
Litenes pamatskola,41.75%,2,ANG9
Līvānu 1. vidusskola,79.13%,35,ANG9
Līvānu 2. vidusskola,50.55%,19,ANG9
Līvānu novada Vakara (maiņu) vidusskola,50.00%,1,ANG9
Līvbērzes vidusskola,73.63%,4,ANG9
Līvu pamatskola,62.50%,9,ANG9
Lizuma vidusskola,75.00%,10,ANG9
Lubānas vidusskola,71.89%,18,ANG9
Lūcijas Rancānes Makašānu Amatu vidusskola,65.50%,2,ANG9
Ludzas 2. vidusskola,54.73%,13,ANG9
Ludzas pilsētas ģimnāzija,71.09%,17,ANG9
Madlienas vidusskola,73.35%,13,ANG9
Madonas pilsētas 1. vidusskola,79.50%,24,ANG9
Madonas pilsētas 2. vidusskola,77.44%,9,ANG9
Madonas Vakara un neklātienes vidusskola,52.00%,1,ANG9
Madonas Valsts ģimnāzija,84.58%,37,ANG9
Majoru vidusskola,83.52%,28,ANG9
Malienas pamatskola,76.40%,5,ANG9
Mālpils internātpamatskola (prof.),65.25%,6,ANG9
Mālpils novada vidusskola,76.64%,28,ANG9
Maltas vidusskola,59.64%,21,ANG9
Mālupes pamatskola,74.83%,3,ANG9
Mārsnēnu pamatskola,48.83%,3,ANG9
Mārupes pamatskola,77.36%,12,ANG9
Mārupes vidusskola,86.17%,67,ANG9
Māteru Jura Kazdangas pamatskola,76.78%,9,ANG9
Matīšu pamatskola,71.60%,5,ANG9
Mazozolu filiāle (strukt.),79.90%,5,ANG9
Mazsalacas vidusskola,62.69%,24,ANG9
Mazzalves pamatskola,66.00%,7,ANG9
Medumu pamatskola,59.00%,3,ANG9
Meirānu Kalpaka pamatskola,60.00%,1,ANG9
Meņģeles filiāle (strukt.),88.90%,5,ANG9
Mērdzenes pamatskola,84.00%,2,ANG9
Mērsraga vidusskola,76.10%,15,ANG9
Mežāres pamatskola,82.50%,1,ANG9
Mežciema pamatskola,79.00%,37,ANG9
Mežgaļu pamatskola,47.67%,9,ANG9
Mežinieku pamatskola,69.55%,10,ANG9
Mežotnes pamatskola,77.50%,3,ANG9
Misas vidusskola,72.00%,3,ANG9
Mores pamatskola,66.89%,9,ANG9
Murjāņu sporta ģimnāzija (prof.),62.33%,30,ANG9
Murmastienes pamatskola,73.38%,4,ANG9
Naujenes pamatskola,56.50%,3,ANG9
Naukšēnu novada vidusskola,61.14%,14,ANG9
Nautrēnu vidusskola,73.50%,9,ANG9
Neretas Jāņa Jaunsudrabiņa vidusskola,64.33%,9,ANG9
Nīcas vidusskola,73.33%,15,ANG9
Nīgrandes pagasta Kalnu vidusskola,68.73%,15,ANG9
Nīkrāces pamatskola,76.17%,3,ANG9
Nirzas pamatskola,70.50%,1,ANG9
Nītaures vidusskola,81.08%,6,ANG9
O.Kalpaka Rīgas Tautas daiļamatu pamatskola,79.84%,43,ANG9
Ogres 1. vidusskola,80.77%,72,ANG9
OGRES 1.VIDUSSKOLAS VAKARA UN NEKLĀTIENES NODAĻA (strukt.),54.50%,1,ANG9
Ogres Valsts ģimnāzija,82.47%,61,ANG9
Ogresgala pamatskola,73.50%,14,ANG9
Ojāra Vācieša Gaujienas pamatskola,81.67%,9,ANG9
Olaines 1. vidusskola,79.29%,35,ANG9
Olaines 2. vidusskola,64.73%,55,ANG9
Oskara Kalpaka Liepājas 15. vidusskola,75.95%,38,ANG9
Oskara Kalpaka Rudbāržu pamatskola,62.67%,3,ANG9
Ozolaines pamatskola,73.80%,5,ANG9
Ozolmuižas pamatskola,52.08%,6,ANG9
Ozolnieku vidusskola,79.86%,25,ANG9
Ozolu pamatskola,82.63%,4,ANG9
Pāles pamatskola,65.50%,6,ANG9
Palsmanes pamatskola,71.43%,7,ANG9
"Pamatskola ""Harmonija""",82.70%,5,ANG9
"Pamatskola ""Rīdze""",83.99%,50,ANG9
Pastendes pamatskola,77.50%,12,ANG9
Pāvilostas vidusskola,71.79%,12,ANG9
Pededzes pamatskola,69.00%,3,ANG9
Pelēču pamatskola,90.00%,1,ANG9
Penkules pamatskola,79.93%,7,ANG9
Pilsrundāles vidusskola (prof.),73.18%,14,ANG9
Piltenes vidusskola,45.13%,4,ANG9
Pļaviņu novada ģimnāzija,75.00%,29,ANG9
Popes pamatskola,67.60%,10,ANG9
Praulienas pamatskola,58.75%,2,ANG9
Preiļu 1. pamatskola,82.14%,28,ANG9
Preiļu 2. vidusskola,56.54%,13,ANG9
Preiļu novada Vakara (maiņu) un neklātienes vidusskola,50.00%,3,ANG9
Priekules vidusskola,85.80%,15,ANG9
Priekuļu vidusskola,80.31%,24,ANG9
"Privātā pamatskola ""Gaismas tilts 97""",89.13%,8,ANG9
"Privātā pamatskola ""Maksima""",71.95%,10,ANG9
Privātā Rīgas Tehnolingvistiskā ģimnāzija,75.25%,4,ANG9
"Privātā vidusskola ""Klasika""",81.64%,7,ANG9
"Privātā vidusskola ""Laisma""",82.33%,3,ANG9
"Privātā vidusskola ""Norma""",45.38%,4,ANG9
"Privātā vidusskola ""Patnis""",87.68%,14,ANG9
"Privātā vidusskola ""RIMS""",76.17%,3,ANG9
Privātā vidusskola Ādažu Brīvā Valdorfa skola,86.79%,14,ANG9
"Privātskola ""Latreia""",88.57%,7,ANG9
"Profesionālās izglītības kompetences centrs ""Nacionālā Mākslu vidusskola"" (prof.)",88.18%,17,ANG9
Pumpuru vidusskola,85.07%,29,ANG9
Pūņu pamatskola,89.71%,7,ANG9
Pūres pamatskola,74.75%,16,ANG9
Puškina licejs,69.42%,59,ANG9
Pušmucovas pamatskola,87.67%,3,ANG9
Puzes pamatskola,84.00%,4,ANG9
Rāmuļu pamatskola,66.33%,3,ANG9
Randenes pamatskola,49.38%,4,ANG9
Rankas pamatskola,69.58%,6,ANG9
Raunas vidusskola,76.59%,11,ANG9
Rekavas vidusskola,74.38%,8,ANG9
Remtes pamatskola,55.25%,4,ANG9
Rencēnu pamatskola,82.00%,4,ANG9
Rēzeknes 2. vidusskola,63.12%,52,ANG9
Rēzeknes 3. vidusskola,59.20%,28,ANG9
Rēzeknes 4. vidusskola,60.37%,23,ANG9
Rēzeknes 5. vidusskola,75.85%,13,ANG9
Rēzeknes 6. vidusskola,62.97%,38,ANG9
Rēzeknes internātpamatskola-attīstības centrs,76.50%,2,ANG9
Rēzeknes Katoļu vidusskola,65.39%,9,ANG9
Rēzeknes Valsts 1. ģimnāzija,82.27%,32,ANG9
Rēzeknes valsts poļu ģimnāzija,67.84%,32,ANG9
Rēznas pamatskola,74.00%,2,ANG9
Riebiņu vidusskola,66.00%,1,ANG9
Rīgas 1. Tālmācības vidusskola,68.54%,13,ANG9
Rīgas 1. vidusskola,63.65%,27,ANG9
Rīgas 10. vidusskola,82.88%,68,ANG9
Rīgas 13. vidusskola,72.07%,34,ANG9
Rīgas 14. vakara (maiņu) vidusskola,73.07%,7,ANG9
Rīgas 15. vidusskola,53.03%,30,ANG9
Rīgas 18. vakara (maiņu) vidusskola,41.42%,6,ANG9
Rīgas 19. vidusskola,85.84%,19,ANG9
Rīgas 21. vidusskola,61.78%,34,ANG9
Rīgas 22. vidusskola,68.26%,46,ANG9
Rīgas 25. vidusskola,75.89%,70,ANG9
Rīgas 28. vidusskola,77.73%,13,ANG9
Rīgas 29. vidusskola,47.36%,11,ANG9
Rīgas 31. vidusskola,69.93%,20,ANG9
Rīgas 33. vidusskola,60.91%,64,ANG9
Rīgas 34. vidusskola,79.63%,89,ANG9
Rīgas 37. vidusskola,70.75%,6,ANG9
Rīgas 40. vidusskola,85.87%,67,ANG9
Rīgas 41. vidusskola,81.75%,24,ANG9
Rīgas 45. vidusskola,80.85%,31,ANG9
Rīgas 46. vidusskola,60.02%,29,ANG9
Rīgas 47. vidusskola,78.17%,38,ANG9
Rīgas 49. vidusskola,91.46%,56,ANG9
Rīgas 51. vidusskola,55.18%,31,ANG9
Rīgas 53. vidusskola,64.90%,15,ANG9
Rīgas 54. vidusskola,60.35%,20,ANG9
Rīgas 6. vidusskola,81.97%,46,ANG9
Rīgas 60. vidusskola,62.22%,38,ANG9
Rīgas 61. vidusskola,68.98%,20,ANG9
Rīgas 63. vidusskola,62.92%,43,ANG9
Rīgas 64. vidusskola,85.85%,82,ANG9
Rīgas 65. vidusskola,65.02%,26,ANG9
Rīgas 66. speciālā vidusskola,66.11%,22,ANG9
Rīgas 69. vidusskola,86.34%,16,ANG9
Rīgas 7. pamatskola,53.50%,3,ANG9
Rīgas 71. vidusskola,69.73%,54,ANG9
Rīgas 72. vidusskola,67.16%,94,ANG9
Rīgas 74. vidusskola,74.77%,32,ANG9
Rīgas 75. vidusskola,65.08%,38,ANG9
Rīgas 80. vidusskola,78.03%,60,ANG9
Rīgas 84. vidusskola,84.36%,52,ANG9
Rīgas 85. vidusskola,82.90%,5,ANG9
Rīgas 86. vidusskola,63.30%,49,ANG9
Rīgas 88. vidusskola,64.41%,68,ANG9
Rīgas 89. vidusskola,69.32%,42,ANG9
Rīgas 9. vakara (maiņu) vidusskola,58.55%,20,ANG9
Rīgas 92. vidusskola,58.65%,68,ANG9
Rīgas 93. vidusskola,71.84%,31,ANG9
Rīgas 94. vidusskola,80.84%,16,ANG9
Rīgas 95. vidusskola,75.10%,58,ANG9
Rīgas 96. vidusskola,69.87%,57,ANG9
Rīgas Angļu ģimnāzija,90.10%,77,ANG9
Rīgas Anniņmuižas vidusskola,69.71%,53,ANG9
Rīgas Austrumu vidusskola,61.77%,22,ANG9
Rīgas Avotu pamatskola,81.28%,9,ANG9
Rīgas Centra daiļamatniecības pamatskola,82.56%,34,ANG9
Rīgas Centra humanitārā vidusskola,91.13%,78,ANG9
Rīgas Centra krievu privātģimnāzija,55.40%,5,ANG9
Rīgas Daugavgrīvas vidusskola,67.42%,32,ANG9
Rīgas Ezerkrastu pamatskola,86.17%,3,ANG9
Rīgas Hanzas vidusskola,81.63%,72,ANG9
Rīgas Igauņu pamatskola,86.71%,12,ANG9
Rīgas Imantas vidusskola,82.92%,43,ANG9
Rīgas Itas Kozakēvičas Poļu vidusskola,66.58%,18,ANG9
Rīgas Jāņa Poruka vidusskola,79.42%,19,ANG9
Rīgas Juglas vidusskola,85.18%,46,ANG9
Rīgas Katoļu ģimnāzija,85.88%,4,ANG9
Rīgas Klasiskā ģimnāzija,79.40%,98,ANG9
Rīgas Kristīgā vidusskola,80.60%,5,ANG9
Rīgas Kultūru vidusskola,85.39%,33,ANG9
Rīgas Ķengaraga vidusskola,65.96%,49,ANG9
Rīgas Lastādijas internātpamatskola,50.09%,11,ANG9
Rīgas Lietuviešu vidusskola,78.41%,29,ANG9
Rīgas Mūzikas internātvidusskola,70.45%,11,ANG9
Rīgas Natālijas Draudziņas vidusskola ,83.13%,29,ANG9
Rīgas Ostvalda vidusskola,79.86%,59,ANG9
Rīgas Pārdaugavas pamatskola,63.52%,23,ANG9
Rīgas pilsētas Pļavnieku ģimnāzija,81.64%,18,ANG9
Rīgas Pļavnieku pamatskola,77.83%,30,ANG9
Rīgas Purvciema vidusskola,75.75%,105,ANG9
Rīgas Raiņa 8. vakara (maiņu) vidusskola,77.90%,10,ANG9
Rīgas Rīnūžu vidusskola,62.76%,50,ANG9
Rīgas Sergeja Žoltoka vidusskola,61.03%,18,ANG9
Rīgas Tālmācības vidusskola,84.89%,27,ANG9
Rīgas Teikas vidusskola,86.91%,86,ANG9
Rīgas Ukraiņu vidusskola,82.90%,15,ANG9
Rīgas vakara ģimnāzija,45.81%,8,ANG9
Rīgas Valdorfskola,80.21%,14,ANG9
Rīgas Valsts 1. ģimnāzija,92.73%,126,ANG9
Rīgas Valsts 2. ģimnāzija,91.24%,85,ANG9
Rīgas Valsts 3. ģimnāzija,89.79%,116,ANG9
Rīgas Valsts vācu ģimnāzija,85.49%,79,ANG9
"Rīgas vispārizglītojošā privātā vidusskola ""Evrika""",77.44%,16,ANG9
Rīgas Zolitūdes ģimnāzija,78.55%,126,ANG9
Rikavas pamatskola (strukt.),75.50%,1,ANG9
Rites pamatskola,69.92%,6,ANG9
Rojas vidusskola,77.74%,19,ANG9
Ropažu vidusskola,83.00%,11,ANG9
Rožupes pamatskola,93.00%,2,ANG9
Rubenes pamatskola,65.09%,11,ANG9
Rubeņu pamatskola,63.75%,6,ANG9
Rucavas pamatskola,70.13%,4,ANG9
Rudes pamatskola,68.13%,4,ANG9
Rudzātu vidusskola,71.92%,6,ANG9
Rugāju novada Eglaines pamatskola,73.71%,7,ANG9
Rugāju novada vidusskola,76.06%,8,ANG9
Rūjienas vidusskola,74.03%,39,ANG9
Rušonas pamatskola,92.50%,2,ANG9
Sabiles vidusskola,70.78%,9,ANG9
Sakstagala Jāņa Klīdzēja pamatskola,38.17%,3,ANG9
Salacgrīvas vidusskola,78.75%,26,ANG9
Salas vidusskola,77.18%,11,ANG9
"Salaspils novada pašvaldības iestāde ""Salaspils 1. vidusskola""",82.14%,40,ANG9
"Salaspils novada pašvaldības iestāde ""Salaspils 2. vidusskola""",59.37%,42,ANG9
Saldus novada pašvaldības Cieceres internātpamatskola,56.08%,13,ANG9
Saldus novada pašvaldības Druvas vidusskola,83.55%,21,ANG9
Saldus novada pašvaldības Ezeres pamatskola,83.11%,9,ANG9
Saldus novada pašvaldības Jaunlutriņu pamatskola,58.88%,4,ANG9
Saldus novada pašvaldības Kursīšu pamatskola,48.80%,5,ANG9
Saldus novada pašvaldības Lutriņu pamatskola,79.11%,9,ANG9
Saldus novada pašvaldības Pampāļu pamatskola,66.50%,2,ANG9
Saldus novada pašvaldības Rubas pamatskola,72.94%,8,ANG9
Saldus novada pašvaldības Striķu pamatskola,84.33%,6,ANG9
Saldus novada pašvaldības Zirņu pamatskola,58.29%,12,ANG9
Saldus pamatskola,72.33%,18,ANG9
Saldus Vakara vidusskola,58.14%,7,ANG9
Saldus vidusskola,75.55%,66,ANG9
Salgales pamatskola,79.50%,4,ANG9
Salienas vidusskola,54.64%,7,ANG9
Salnavas pamatskola,72.50%,2,ANG9
Saulkrastu vidusskola,87.15%,13,ANG9
Seces pagasta pamatskola,67.04%,13,ANG9
Sējas pamatskola,83.65%,13,ANG9
Sesavas pamatskola,63.14%,7,ANG9
Siguldas 1. pamatskola,78.00%,23,ANG9
Siguldas pilsētas vidusskola,79.54%,34,ANG9
Siguldas Valsts ģimnāzija,86.49%,60,ANG9
Sikšņu pamatskola,69.83%,3,ANG9
Silenes pamatskola,60.83%,6,ANG9
Skaistkalnes vidusskola,70.58%,13,ANG9
Skrundas vidusskola,67.66%,25,ANG9
Slokas pamatskola,73.96%,14,ANG9
Smārdes pamatskola,71.63%,16,ANG9
Smiltenes vidusskola,79.40%,53,ANG9
"Sociālās korekcijas izglītības iestāde ""Naukšēni""",72.00%,2,ANG9
Stacijas pamatskola,61.20%,5,ANG9
Stacijas pamatskolas Vīksnas filiāle (strukt.),59.00%,2,ANG9
Staiceles vidusskola,65.00%,11,ANG9
Stāķu pamatskola,68.75%,4,ANG9
Stalbes vidusskola,73.39%,9,ANG9
Staļģenes vidusskola,74.25%,12,ANG9
Stāmerienas pamatskola,66.14%,11,ANG9
Stelpes pamatskola,70.00%,5,ANG9
Stendes pamatskola,68.67%,6,ANG9
Stopiņu pamatskola,69.13%,8,ANG9
Straupes pamatskola,79.78%,9,ANG9
Strautiņu pamatskola,68.92%,6,ANG9
Strenču novada vidusskola,59.52%,22,ANG9
Sunākstes pamatskola,56.33%,6,ANG9
Suntažu internātpamatskola - rehabilitācijas centrs (prof.),50.17%,3,ANG9
Suntažu vidusskola,74.23%,13,ANG9
Sūnu pamatskola,82.08%,6,ANG9
Sutru pamatskola,70.75%,2,ANG9
Svētes pamatskola,72.29%,7,ANG9
Š. Dubnova Rīgas Ebreju vidusskola,87.00%,10,ANG9
Šķibes pamatskola,92.75%,2,ANG9
Špoģu vidusskola,71.85%,13,ANG9
"Tālmācības vidusskola ""Rīgas Komercskola""",89.10%,5,ANG9
Talsu 2. vidusskola,80.28%,49,ANG9
Talsu Kristīgā vidusskola,88.13%,15,ANG9
Talsu novada Vakara un neklātienes vidusskola,63.69%,8,ANG9
Talsu pamatskola,87.73%,20,ANG9
Talsu Valsts ģimnāzija,84.15%,34,ANG9
Tārgales pamatskola,83.64%,7,ANG9
Taurenes pamatskola,65.25%,2,ANG9
Teteles pamatskola,57.14%,11,ANG9
Tilžas internātpamatskola,64.25%,2,ANG9
Tilžas vidusskola,86.75%,4,ANG9
Tīnūžu pamatskola,85.44%,8,ANG9
Tirzas pamatskola,71.25%,4,ANG9
Tiskādu speciālā internātpamatskola,9.00%,1,ANG9
Tiskādu vidusskola,46.00%,14,ANG9
Trapenes pamatskola,50.33%,3,ANG9
Trikātas pamatskola,68.14%,7,ANG9
Tukuma 2. pamatskola,85.77%,35,ANG9
Tukuma 2. vidusskola,73.89%,37,ANG9
Tukuma 3. pamatskola,64.14%,7,ANG9
Tukuma E. Birznieka-Upīša 1. pamatskola,76.45%,22,ANG9
Tukuma Raiņa ģimnāzija,84.50%,26,ANG9
Tukuma Vakara un neklātienes vidusskola,64.80%,5,ANG9
Tumes vidusskola,63.26%,19,ANG9
Turlavas pamatskola,68.20%,5,ANG9
Ugāles vidusskola,67.83%,12,ANG9
Ulbrokas vidusskola,79.59%,55,ANG9
Umurgas pamatskola,75.50%,11,ANG9
Upesleju internātpamatskola - rehabilitācijas centrs,76.00%,3,ANG9
Upītes pamatskola,67.00%,3,ANG9
Uzvaras vidusskola,87.10%,10,ANG9
Užavas pamatskola,65.43%,7,ANG9
V. Plūdoņa Kuldīgas ģimnāzija,68.87%,34,ANG9
Vaboles vidusskola,87.50%,5,ANG9
Vaiņodes internātpamatskola,59.00%,5,ANG9
Vaiņodes vidusskola,63.57%,7,ANG9
Vaivaru pamatskola,83.40%,10,ANG9
Valdemārpils vidusskola,66.93%,29,ANG9
Valkas Jāņa Cimzes ģimnāzija,79.68%,31,ANG9
Valmieras 2. vidusskola,67.94%,24,ANG9
Valmieras 5. vidusskola,71.26%,17,ANG9
Valmieras Pārgaujas ģimnāzija,75.07%,79,ANG9
Valmieras tehnikums Rankas teritoriālā struktūrvienība (prof.) (strukt.),62.63%,4,ANG9
Valmieras Valsts ģimnāzija,81.08%,52,ANG9
Valmieras Viestura vidusskola,85.14%,54,ANG9
Vandzenes pamatskola,78.44%,9,ANG9
Vānes pamatskola,44.00%,4,ANG9
Vangažu vidusskola,61.59%,25,ANG9
Varakļānu novada pašvaldības Stirnienes pamatskola,53.50%,3,ANG9
Varakļānu vidusskola,81.13%,12,ANG9
Variņu pamatskola,72.25%,6,ANG9
Vārkavas vidusskola,83.17%,6,ANG9
Vārmes pamatskola,69.63%,4,ANG9
Vecbebru Profesionālā un vispārizglītojošā internātvidusskola (prof.),44.00%,6,ANG9
Vecpiebalgas vidusskola,73.60%,10,ANG9
Vecsaules pamatskola,78.60%,10,ANG9
Vecumnieku novada Domes Valles vidusskola,57.29%,12,ANG9
Vecumnieku vidusskola,77.74%,21,ANG9
Ventspils 1. pamatskola,82.71%,28,ANG9
Ventspils 2. pamatskola,78.67%,18,ANG9
Ventspils 2. vidusskola,70.23%,40,ANG9
Ventspils 3. vidusskola,67.99%,34,ANG9
Ventspils 4. vidusskola,84.96%,53,ANG9
Ventspils 6. vidusskola,74.97%,52,ANG9
Ventspils Pārventas pamatskola,67.76%,17,ANG9
Ventspils vakara vidusskola,64.44%,9,ANG9
Ventspils Valsts 1. ģimnāzija,85.63%,59,ANG9
Vērgales pamatskola,79.33%,9,ANG9
Vestienas pamatskola,76.33%,6,ANG9
Vidagas Sikšņu pamatskola,67.83%,3,ANG9
Vidrižu pamatskola,62.10%,5,ANG9
Viduču pamatskola,69.17%,6,ANG9
Viesītes vidusskola,76.50%,15,ANG9
Vijciema pamatskola,63.70%,5,ANG9
Vilces pamatskola,70.67%,6,ANG9
Vilgāles pamatskola,59.61%,9,ANG9
Viļakas Valsts ģimnāzija,76.32%,14,ANG9
Viļānu vidusskola,62.07%,34,ANG9
Virbu pamatskola,69.50%,5,ANG9
Vircavas vidusskola,64.04%,12,ANG9
Virgas pamatskola,45.75%,2,ANG9
Z.A. Meierovica Kabiles pamatskola,81.50%,5,ANG9
Zaķumuižas pamatskola,88.41%,11,ANG9
Zaļenieku komerciālā un amatniecības vidusskola (prof.),70.00%,6,ANG9
Zasas vidusskola,73.33%,9,ANG9
Zaubes pamatskola,87.17%,3,ANG9
Zemgales vidusskola,61.70%,25,ANG9
Zemītes pamatskola,62.00%,7,ANG9
Ziemeļvalstu ģimnāzija,85.28%,59,ANG9
Ziemeru pamatskola,58.22%,9,ANG9
Zilupes vidusskola,67.76%,25,ANG9
Zūru pamatskola,55.43%,7,ANG9
Zvejniekciema vidusskola,83.06%,24,ANG9
Žīguru pamatskola,82.33%,3,ANG9
A. Spāģa Dunalkas pamatskola,52.88%,6,LAT9
Ābeļu pamatskola,55.39%,14,LAT9
Ādažu vidusskola,67.57%,58,LAT9
Āgenskalna Valsts ģimnāzija,74.08%,117,LAT9
Aglonas internātvidusskola,58.31%,11,LAT9
Aglonas Katoļu ģimnāzija,71.97%,3,LAT9
Aglonas vidusskola,73.03%,15,LAT9
Aizkraukles novada vidusskola,68.61%,39,LAT9
Aizkraukles Vakara (maiņu) vidusskola,43.55%,11,LAT9
Aizputes k/p (strukt.),58.79%,3,LAT9
Aizputes pagasta pamatskola,59.19%,9,LAT9
Aizputes vidusskola,66.35%,38,LAT9
Aizupes pamatskola,54.88%,11,LAT9
Aknīstes vidusskola,77.13%,13,LAT9
Allažu pamatskola,82.33%,15,LAT9
Alojas Ausekļa vidusskola,70.48%,16,LAT9
Alsungas vidusskola,66.46%,9,LAT9
Alūksnes novada vidusskola,58.23%,21,LAT9
Amatas novada Skujenes pamatskola,71.43%,7,LAT9
Amatas pamatskola,62.98%,9,LAT9
Ances pamatskola,73.48%,3,LAT9
Andreja Eglīša Ļaudonas vidusskola,61.69%,11,LAT9
Andreja Pumpura Rīgas 11. pamatskola,71.28%,38,LAT9
Andreja Upīša Skrīveru vidusskola,74.51%,26,LAT9
Andrupenes pamatskola,65.11%,8,LAT9
Andzeļu pamatskola,60.68%,6,LAT9
Annas Brigaderes pamatskola,53.35%,8,LAT9
Annenieku pamatskola,45.80%,4,LAT9
Apriķu pamatskola,59.24%,3,LAT9
Asares pamatskola,57.05%,2,LAT9
Asūnes pamatskola,61.21%,6,LAT9
Ata Kronvalda Durbes vidusskola,76.05%,13,LAT9
Auces vidusskola,67.56%,35,LAT9
Augstkalnes vidusskola,55.76%,15,LAT9
Babītes vidusskola,65.33%,57,LAT9
Baldones Mūzikas pamatskola,75.23%,10,LAT9
Baldones vidusskola,66.32%,30,LAT9
Baložu vidusskola,70.53%,19,LAT9
Baltinavas vidusskola,60.48%,15,LAT9
Balvu profesionālā un vispārizglītojošā vidusskola (prof.),56.05%,20,LAT9
Balvu Valsts ģimnāzija,74.31%,55,LAT9
Barkavas pamatskola,58.94%,9,LAT9
Baumaņu Kārļa Viļķenes pamatskola,59.35%,7,LAT9
Bauskas 2. vidusskola,68.58%,25,LAT9
Bauskas pilsētas pamatskola,69.16%,26,LAT9
Bauskas Valsts ģimnāzija,69.80%,57,LAT9
Bebrenes vispārizglītojošā un profesionālā vidusskola (prof.),75.35%,13,LAT9
Bebru pamatskola,56.91%,5,LAT9
Bejas pamatskola,59.25%,14,LAT9
Bēnes vidusskola,61.80%,20,LAT9
Berģu Mūzikas un mākslas pamatskola (prof.),72.38%,13,LAT9
Bērzaunes pamatskola,60.91%,6,LAT9
Bērzgales pamatskola (strukt.),75.97%,8,LAT9
Bērzpils vidusskola,62.97%,13,LAT9
Bikstu pamatskola,59.09%,9,LAT9
Bilskas pamatskola,64.62%,6,LAT9
Birzgales pamatskola,75.98%,6,LAT9
Biržu internātpamatskola,65.25%,9,LAT9
Biržu pamatskola,64.85%,6,LAT9
Blīdenes pamatskola,65.81%,9,LAT9
Blomes pamatskola,59.77%,8,LAT9
Brāļu Skrindu Atašienes vidusskola,79.03%,8,LAT9
Briežuciema pamatskola,73.18%,4,LAT9
Brocēnu vidusskola,72.59%,29,LAT9
Burtnieku Ausekļa pamatskola,60.65%,7,LAT9
Carnikavas pamatskola,74.41%,13,LAT9
Cēres pamatskola,72.40%,7,LAT9
Cēsu 1. pamatskola,64.43%,19,LAT9
Cēsu 2. pamatskola,65.08%,29,LAT9
Cēsu 2. vakara (maiņu) vidusskola,58.98%,4,LAT9
Cēsu internātpamatskola - rehabilitācijas centrs,62.73%,2,LAT9
Cēsu Pilsētas vidusskola,56.53%,35,LAT9
Cēsu Valsts ģimnāzija,83.52%,49,LAT9
Cesvaines internātpamatskola,56.82%,6,LAT9
Cesvaines vidusskola,60.85%,22,LAT9
Ciblas vidusskola,58.10%,11,LAT9
Codes pamatskola,54.69%,13,LAT9
Dagdas vidusskola,68.82%,29,LAT9
Daudzeses pamatskola,71.45%,5,LAT9
Daugavpils 12. vidusskola,62.08%,41,LAT9
Daugavpils Būvniecības tehnikums (prof.),38.22%,11,LAT9
Daugavpils logopēdiskā internātpamatskola - attīstības centrs,52.12%,3,LAT9
Daugavpils Saskaņas pamatskola,65.86%,18,LAT9
Daugavpils Valsts ģimnāzija,71.24%,25,LAT9
Daugavpils Vienības pamatskola,58.69%,24,LAT9
Daugmales pamatskola,66.86%,12,LAT9
Dāvja Ozoliņa Apes vidusskola,54.67%,15,LAT9
Degumnieku pamatskola,61.82%,6,LAT9
Dekšāru pamatskola,65.00%,11,LAT9
Dignājas pamatskola,65.80%,4,LAT9
Dobeles 1. vidusskola,56.06%,41,LAT9
Dobeles Amatniecības un vispārizglītojošā vidusskola (prof.),44.98%,9,LAT9
Dobeles Kristīgā pamatskola,50.32%,10,LAT9
Dobeles Valsts ģimnāzija,72.64%,54,LAT9
Drabešu internātpamatskola,67.16%,4,LAT9
Draudzīgā Aicinājuma Cēsu Valsts ģimnāzija,69.57%,36,LAT9
Draudzīgā aicinājuma Liepājas pilsētas 5. vidusskola,67.49%,84,LAT9
Dravnieku pamatskola,67.37%,9,LAT9
Dricānu vidusskola,63.15%,13,LAT9
Drustu pamatskola,82.95%,4,LAT9
Druvienas pamatskola,62.18%,10,LAT9
Dunavas pamatskola,72.27%,2,LAT9
Dundagas vidusskola,67.23%,23,LAT9
Dzelzavas pamatskola,61.51%,16,LAT9
Dzērbenes vispārizglītojošā un mūzikas pamatskola (prof.),55.80%,4,LAT9
Dzērves pamatskola,64.68%,10,LAT9
Dzimtmisas pamatskola,70.91%,9,LAT9
Džūkstes pamatskola,52.85%,15,LAT9
Edgara Kauliņa Lielvārdes vidusskola,57.45%,44,LAT9
Ēdoles pamatskola,65.45%,8,LAT9
Eglaines pamatskola,51.62%,9,LAT9
Elejas vidusskola,57.13%,34,LAT9
Emīla Dārziņa mūzikas vidusskola (prof.),82.09%,20,LAT9
Engures vidusskola,64.74%,26,LAT9
Ērgļu vidusskola,67.42%,15,LAT9
Ērģemes pamatskola,62.73%,7,LAT9
Ernsta Glika Alūksnes Valsts ģimnāzija,70.95%,47,LAT9
Ēveles pamatskola,62.45%,5,LAT9
Ezernieku vidusskola,64.48%,13,LAT9
Feimaņu pamatskola,47.80%,6,LAT9
"filiāle ""Laidzes pamatskola"" (strukt.)",74.00%,10,LAT9
Friča Brīvzemnieka pamatskola,58.86%,20,LAT9
Gaigalavas pamatskola,70.91%,4,LAT9
Gaiķu pamatskola,76.48%,4,LAT9
Galēnu pamatskola,72.05%,8,LAT9
Galgauskas pamatskola,62.42%,6,LAT9
Gardenes pamatskola,63.25%,14,LAT9
Garkalnes Mākslu un vispārizglītojošā vidusskola (prof.),56.98%,17,LAT9
Garlība Merķeļa Lēdurgas pamatskola,70.70%,13,LAT9
Garozas pamatskola,70.13%,7,LAT9
Gaujienas internātpamatskola,67.12%,6,LAT9
Gaviezes pamatskola,59.68%,7,LAT9
Gramzdas pamatskola,69.39%,6,LAT9
Griķu pamatskola,58.98%,4,LAT9
Grobiņas ģimnāzija,60.07%,50,LAT9
Grundzāles pamatskola,67.16%,8,LAT9
Gulbenes 2. vidusskola,69.30%,28,LAT9
Gulbenes novada valsts ģimnāzija,69.45%,20,LAT9
Gulbenes vidusskola,65.85%,22,LAT9
Gulbīša vidusskola,65.52%,7,LAT9
Iecavas internātpamatskola,73.94%,6,LAT9
Iecavas vidusskola,68.68%,48,LAT9
Ikšķiles vidusskola,63.27%,51,LAT9
Ilmāra Gaiša Kokneses vidusskola,67.52%,31,LAT9
Ilūkstes 1. vidusskola,71.53%,16,LAT9
Ilzenes pamatskola,62.27%,4,LAT9
Iļģuciema vidusskola,56.01%,28,LAT9
Inčukalna pamatskola,69.45%,23,LAT9
Indras pamatskola,45.96%,9,LAT9
Inešu pamatskola (prof.),68.56%,6,LAT9
IPĪV_Dagda (prof.) (strukt.),50.71%,7,LAT9
Irlavas vidusskola,64.52%,16,LAT9
Īslīces vidusskola,67.30%,15,LAT9
Izvaltas pamatskola,53.94%,9,LAT9
J. Čakstes Liepājas pilsētas 10. vidusskola,69.51%,36,LAT9
J. Endzelīna Kauguru pamatskola,73.53%,17,LAT9
Jāņa Zālīša Sausnējas pamatskola,69.55%,7,LAT9
Jaunannas Mūzikas un mākslas pamatskola (prof.),74.29%,7,LAT9
Jaunburtnieku pamatskola,56.02%,12,LAT9
Jaunjelgavas vidusskola,65.49%,13,LAT9
Jaunlaicenes pamatskola,60.00%,5,LAT9
Jaunmārupes pamatskola,71.21%,21,LAT9
Jaunpiebalgas vidusskola,59.09%,20,LAT9
Jaunpils vidusskola,58.46%,18,LAT9
Jaunsilavas pamatskola,64.55%,6,LAT9
Jaunstrūžānu pamatskola,69.55%,8,LAT9
Jēkabpils 3. vidusskola,69.54%,44,LAT9
Jēkabpils Agrobiznesa koledža (prof.),53.75%,4,LAT9
Jēkabpils vakara vidusskola,64.65%,13,LAT9
Jēkabpils Valsts ģimnāzija,68.23%,72,LAT9
Jelgavas 1. internātpamatskola,55.84%,7,LAT9
Jelgavas 4. vidusskola,62.32%,62,LAT9
Jelgavas Amatu vidusskola (prof.),42.33%,8,LAT9
Jelgavas novada Neklātienes vidusskola,57.27%,11,LAT9
Jelgavas Spīdolas ģimnāzija,69.21%,88,LAT9
Jelgavas Tehnoloģiju vidusskola,64.97%,65,LAT9
Jelgavas Vakara (maiņu) vidusskola,54.20%,8,LAT9
Jelgavas Valsts ģimnāzija,65.73%,114,LAT9
Jersikas pamatskola,58.33%,6,LAT9
Jumpravas vidusskola,65.25%,20,LAT9
Jura Neikena Dikļu pamatskola,56.72%,9,LAT9
Jūrmalas Alternatīvā skola,79.45%,15,LAT9
Jūrmalas pilsētas Lielupes pamatskola,81.82%,9,LAT9
Jūrmalas vakara vidusskola,59.09%,4,LAT9
Jūrmalas Valsts ģimnāzija,76.01%,57,LAT9
K. Valdemāra pamatskola,57.42%,3,LAT9
Kalētu pamatskola,61.64%,5,LAT9
Kalnciema pagasta vidusskola,60.91%,14,LAT9
Kalnciema vidusskola,57.44%,19,LAT9
Kalsnavas pamatskola,60.29%,14,LAT9
Kalupes pamatskola,54.36%,5,LAT9
Kalvenes pamatskola,67.12%,3,LAT9
Kandavas internātvidusskola,65.94%,34,LAT9
Kandavas Kārļa Mīlenbaha vidusskola,60.96%,25,LAT9
Kandavas novada Zantes pamatskola,63.58%,8,LAT9
Kapsēdes pamatskola,58.41%,10,LAT9
Kārķu pamatskola,68.03%,6,LAT9
Kārsavas vidusskola,78.59%,20,LAT9
Kaunatas vidusskola,68.77%,20,LAT9
Kocēnu pamatskola,74.82%,18,LAT9
Kolkas pamatskola,78.05%,7,LAT9
Krapes filiāle (strukt.),59.55%,4,LAT9
Krāslavas pamatskola,65.45%,23,LAT9
Krāslavas Valsts ģimnāzija,69.24%,22,LAT9
Krimuldas vidusskola,64.47%,29,LAT9
Kristiāna Dāvida pamatskola,51.97%,3,LAT9
Krišjāņa Valdemāra Ainažu pamatskola,76.16%,11,LAT9
Krotes Kronvalda Ata pamatskola,62.64%,10,LAT9
Krustpils pamatskola,68.50%,20,LAT9
Kuldīgas 2. vidusskola,57.27%,37,LAT9
Kuldīgas Centra vidusskola,63.52%,54,LAT9
Kuldīgas Mākslas un humanitāro zinību vidusskola (prof.),74.20%,16,LAT9
Kuldīgas pamatskola,61.82%,19,LAT9
Kuldīgas pamatskolas Basu filiāle (strukt.),66.02%,4,LAT9
Kusas pamatskola,69.13%,12,LAT9
Ķeguma komercnovirziena vidusskola,70.13%,18,LAT9
Ķeipenes pamatskola,68.18%,7,LAT9
Ķekavas vidusskola,71.94%,70,LAT9
Ķemeru pamatskola,58.98%,8,LAT9
Lādezera pamatskola,63.48%,9,LAT9
Laidu pamatskola,58.35%,11,LAT9
Lapmežciema pamatskola,75.84%,7,LAT9
Laucienes pamatskola,66.69%,11,LAT9
"Laucienes pamatskolas filiāle ""Dursupes pamatskola"" (strukt.)",67.00%,5,LAT9
Lazdonas pamatskola,58.64%,5,LAT9
Lēdmanes pamatskola,71.62%,16,LAT9
Lejasciema vidusskola,62.22%,8,LAT9
Lielvārdes pamatskola,72.25%,25,LAT9
Liepājas 8. vidusskola,61.07%,28,LAT9
Liepājas internātpamatskola,55.34%,16,LAT9
Liepājas Katoļu pamatskola,60.71%,7,LAT9
Liepājas Raiņa 6. vidusskola,67.62%,69,LAT9
Liepājas vakara (maiņu) vidusskola,59.01%,17,LAT9
Liepājas Valsts 1. ģimnāzija,71.21%,89,LAT9
Liepas pamatskola,62.76%,13,LAT9
Liepnas internātpamatskola,55.76%,12,LAT9
Liepnas vidusskola,55.45%,4,LAT9
Liepupes vidusskola,68.47%,11,LAT9
Liezēres pamatskola,59.66%,8,LAT9
Līgatnes novada vidusskola,62.91%,15,LAT9
Limbažu 3. vidusskola,63.42%,30,LAT9
Limbažu novada ģimnāzija,68.98%,42,LAT9
Litenes pamatskola,64.55%,4,LAT9
Līvānu 1. vidusskola,71.61%,48,LAT9
Līvānu novada Vakara (maiņu) vidusskola,41.97%,9,LAT9
Līvbērzes vidusskola,69.94%,8,LAT9
Līvu pamatskola,57.77%,10,LAT9
Lizuma vidusskola,68.32%,13,LAT9
Lubānas vidusskola,66.89%,20,LAT9
Lūcijas Rancānes Makašānu Amatu vidusskola,60.91%,6,LAT9
Ludzas 2. vidusskola,59.35%,19,LAT9
Ludzas novada vakara vidusskola,61.36%,2,LAT9
Ludzas pilsētas ģimnāzija,62.85%,48,LAT9
Madlienas vidusskola,67.65%,17,LAT9
Madonas pilsētas 1. vidusskola,64.86%,30,LAT9
Madonas pilsētas 2. vidusskola,57.39%,19,LAT9
Madonas Vakara un neklātienes vidusskola,54.55%,2,LAT9
Madonas Valsts ģimnāzija,72.77%,39,LAT9
Majoru vidusskola,65.82%,39,LAT9
Malienas pamatskola,65.45%,9,LAT9
Mālpils internātpamatskola (prof.),56.36%,8,LAT9
Mālpils novada vidusskola,76.97%,36,LAT9
Maltas vidusskola,72.24%,31,LAT9
Mālupes pamatskola,82.50%,4,LAT9
Mārsnēnu pamatskola,56.25%,4,LAT9
Mārupes pamatskola,61.39%,16,LAT9
Mārupes vidusskola,65.38%,76,LAT9
Māteru Jura Kazdangas pamatskola,73.54%,14,LAT9
Matīšu pamatskola,62.98%,9,LAT9
Mazozolu filiāle (strukt.),70.00%,6,LAT9
Mazsalacas vidusskola,70.02%,25,LAT9
Mazzalves pamatskola,64.43%,8,LAT9
Medumu pamatskola,58.05%,7,LAT9
Meirānu Kalpaka pamatskola,58.18%,1,LAT9
Meņģeles filiāle (strukt.),85.15%,6,LAT9
Mērdzenes pamatskola,67.88%,3,LAT9
Mērsraga vidusskola,62.87%,16,LAT9
Mētrienas pamatskola,57.73%,1,LAT9
Mežāres pamatskola,62.23%,10,LAT9
Mežciema pamatskola,68.92%,47,LAT9
Mežgaļu pamatskola,57.83%,9,LAT9
Mežinieku pamatskola,70.41%,11,LAT9
Mežotnes pamatskola,66.17%,7,LAT9
Mežvidu pamatskola,42.42%,3,LAT9
Misas vidusskola,56.40%,13,LAT9
Mores pamatskola,57.41%,10,LAT9
Murjāņu sporta ģimnāzija (prof.),60.62%,39,LAT9
Murmastienes pamatskola,69.20%,4,LAT9
Naujenes pamatskola,68.43%,13,LAT9
Naukšēnu novada vidusskola,58.85%,17,LAT9
Nautrēnu vidusskola,69.92%,12,LAT9
Neretas Jāņa Jaunsudrabiņa vidusskola,69.09%,11,LAT9
Nīcas vidusskola,68.97%,15,LAT9
Nīgrandes pagasta Kalnu vidusskola,68.92%,16,LAT9
Nīkrāces pamatskola,73.86%,4,LAT9
Nirzas pamatskola,40.64%,5,LAT9
Nītaures vidusskola,71.18%,10,LAT9
O.Kalpaka Rīgas Tautas daiļamatu pamatskola,66.22%,43,LAT9
Ogres 1. vidusskola,71.95%,80,LAT9
Ogres Valsts ģimnāzija,66.57%,71,LAT9
Ogresgala pamatskola,60.37%,17,LAT9
Ojāra Vācieša Gaujienas pamatskola,76.46%,9,LAT9
Olaines 1. vidusskola,68.37%,56,LAT9
Oskara Kalpaka Liepājas 15. vidusskola,65.20%,55,LAT9
Oskara Kalpaka Rudbāržu pamatskola,63.94%,3,LAT9
Ozolaines pamatskola,76.86%,11,LAT9
Ozolmuižas pamatskola,62.39%,8,LAT9
Ozolnieku vidusskola,68.03%,34,LAT9
Ozolu pamatskola,56.89%,6,LAT9
Pāles pamatskola,61.69%,11,LAT9
Palsmanes pamatskola,57.99%,7,LAT9
"Pamatskola ""Harmonija""",76.18%,5,LAT9
"Pamatskola ""Rīdze""",70.92%,50,LAT9
Pastendes pamatskola,68.43%,13,LAT9
Pāvilostas vidusskola,66.33%,14,LAT9
Pededzes pamatskola,67.86%,7,LAT9
Pelēču pamatskola,56.82%,2,LAT9
Penkules pamatskola,81.97%,9,LAT9
Pildas pamatskola,65.23%,12,LAT9
Pilsrundāles vidusskola (prof.),63.56%,19,LAT9
Piltenes vidusskola,56.52%,9,LAT9
Pļaviņu novada ģimnāzija,69.83%,39,LAT9
Popes pamatskola,58.14%,11,LAT9
Praulienas pamatskola,73.41%,4,LAT9
Preiļu 1. pamatskola,68.40%,57,LAT9
Preiļu novada Vakara (maiņu) un neklātienes vidusskola,50.91%,5,LAT9
Priekules vidusskola,63.62%,23,LAT9
Priekuļu vidusskola,65.18%,25,LAT9
Priežmalas pamatskola,67.88%,3,LAT9
"Privātā pamatskola ""Gaismas tilts 97""",80.11%,8,LAT9
"Privātā vidusskola ""Laisma""",61.06%,3,LAT9
"Privātā vidusskola ""Patnis""",69.58%,15,LAT9
"Privātā vidusskola ""RIMS""",59.55%,1,LAT9
Privātā vidusskola Ādažu Brīvā Valdorfa skola,66.70%,16,LAT9
"Profesionālās izglītības kompetences centrs ""Nacionālā Mākslu vidusskola"" (prof.)",76.50%,17,LAT9
Pumpuru vidusskola,64.36%,36,LAT9
Pūņu pamatskola,80.52%,7,LAT9
Pūres pamatskola,73.18%,19,LAT9
Pušmucovas pamatskola,60.96%,9,LAT9
Puzes pamatskola,71.06%,6,LAT9
Raiskuma internātpamatskola - rehabilitācijas centrs,78.03%,3,LAT9
Rāmuļu pamatskola,66.36%,3,LAT9
Rankas pamatskola,67.95%,6,LAT9
Raunas vidusskola,68.14%,12,LAT9
Rekavas vidusskola,65.27%,12,LAT9
Remtes pamatskola,73.82%,5,LAT9
Rencēnu pamatskola,69.89%,8,LAT9
Rēzeknes 4. vidusskola,47.73%,4,LAT9
Rēzeknes 5. vidusskola,68.37%,37,LAT9
Rēzeknes internātpamatskola-attīstības centrs,75.15%,6,LAT9
Rēzeknes Katoļu vidusskola,69.13%,13,LAT9
Rēzeknes Valsts 1. ģimnāzija,73.16%,68,LAT9
Rēzeknes valsts poļu ģimnāzija,73.86%,32,LAT9
Rēznas pamatskola,57.36%,10,LAT9
Riebiņu vidusskola,58.59%,21,LAT9
Rīgas 1. Tālmācības vidusskola,47.26%,27,LAT9
Rīgas 1. vidusskola,61.55%,17,LAT9
Rīgas 14. vakara (maiņu) vidusskola,47.30%,15,LAT9
Rīgas 18. vakara (maiņu) vidusskola,39.00%,5,LAT9
Rīgas 19. vidusskola,74.58%,25,LAT9
Rīgas 25. vidusskola,63.95%,79,LAT9
Rīgas 28. vidusskola,66.23%,21,LAT9
Rīgas 31. vidusskola,62.57%,32,LAT9
Rīgas 41. vidusskola,61.29%,30,LAT9
Rīgas 45. vidusskola,65.41%,40,LAT9
Rīgas 47. vidusskola,57.40%,48,LAT9
Rīgas 49. vidusskola,72.07%,61,LAT9
Rīgas 6. vidusskola,65.33%,51,LAT9
Rīgas 64. vidusskola,74.42%,90,LAT9
Rīgas 66. speciālā vidusskola,68.74%,13,LAT9
Rīgas 69. vidusskola,71.99%,19,LAT9
Rīgas 7. pamatskola,58.36%,5,LAT9
Rīgas 84. vidusskola,71.27%,60,LAT9
Rīgas 85. vidusskola,57.27%,9,LAT9
Rīgas 9. vakara (maiņu) vidusskola,54.58%,25,LAT9
Rīgas 93. vidusskola,69.81%,39,LAT9
Rīgas 94. vidusskola,55.27%,24,LAT9
Rīgas Angļu ģimnāzija,71.38%,77,LAT9
Rīgas Avotu pamatskola,67.31%,13,LAT9
Rīgas Centra daiļamatniecības pamatskola,76.09%,35,LAT9
Rīgas Centra humanitārā vidusskola,72.21%,79,LAT9
Rīgas Ezerkrastu pamatskola,54.24%,6,LAT9
Rīgas Franču licejs,79.63%,54,LAT9
Rīgas Hanzas vidusskola,68.84%,80,LAT9
Rīgas Igauņu pamatskola,72.20%,12,LAT9
Rīgas Imantas vidusskola,60.81%,53,LAT9
Rīgas Jāņa Poruka vidusskola,65.42%,27,LAT9
Rīgas Juglas vidusskola,63.85%,59,LAT9
Rīgas Katoļu ģimnāzija,74.32%,4,LAT9
Rīgas Kristīgā vidusskola,62.73%,9,LAT9
Rīgas Kultūru vidusskola,75.78%,35,LAT9
Rīgas Lastādijas internātpamatskola,55.91%,2,LAT9
Rīgas Lietuviešu vidusskola,71.43%,29,LAT9
Rīgas Mūzikas internātvidusskola,67.79%,14,LAT9
Rīgas Natālijas Draudziņas vidusskola ,55.49%,37,LAT9
Rīgas pilsētas Pļavnieku ģimnāzija,65.67%,28,LAT9
Rīgas Pļavnieku pamatskola,65.30%,39,LAT9
Rīgas Raiņa 8. vakara (maiņu) vidusskola,60.75%,17,LAT9
Rīgas Starptautiskā skola,77.35%,6,LAT9
Rīgas Tālmācības vidusskola,65.76%,27,LAT9
Rīgas Teikas vidusskola,77.48%,88,LAT9
Rīgas vakara ģimnāzija,57.55%,15,LAT9
Rīgas Valdorfskola,62.98%,16,LAT9
Rīgas Valsts 1. ģimnāzija,80.94%,126,LAT9
Rīgas Valsts 2. ģimnāzija,76.06%,85,LAT9
Rīgas Valsts 3. ģimnāzija,72.74%,120,LAT9
Rīgas Valsts vācu ģimnāzija,66.94%,102,LAT9
Rikavas pamatskola (strukt.),77.27%,2,LAT9
Rites pamatskola,58.18%,11,LAT9
Robežnieku pamatskola,41.02%,4,LAT9
Rojas vidusskola,71.56%,26,LAT9
Ropažu vidusskola,61.05%,19,LAT9
Rožupes pamatskola,57.44%,11,LAT9
Rubenes pamatskola,59.72%,13,LAT9
Rubeņu pamatskola,60.51%,8,LAT9
Rucavas pamatskola,64.39%,9,LAT9
Rudes pamatskola,70.11%,4,LAT9
Rudzātu vidusskola,65.05%,10,LAT9
Rugāju novada Eglaines pamatskola,63.64%,10,LAT9
Rugāju novada vidusskola,67.95%,12,LAT9
Rūjienas vidusskola,69.62%,42,LAT9
Rušonas pamatskola,65.83%,6,LAT9
Sabiles vidusskola,67.59%,10,LAT9
Sakstagala Jāņa Klīdzēja pamatskola,59.24%,9,LAT9
Salacgrīvas vidusskola,64.22%,28,LAT9
Salas pamatskola,67.73%,6,LAT9
Salas vidusskola,70.57%,19,LAT9
"Salaspils novada pašvaldības iestāde ""Salaspils 1. vidusskola""",72.79%,56,LAT9
Saldus novada pašvaldības Cieceres internātpamatskola,59.86%,13,LAT9
Saldus novada pašvaldības Druvas vidusskola,73.62%,22,LAT9
Saldus novada pašvaldības Ezeres pamatskola,81.27%,10,LAT9
Saldus novada pašvaldības Jaunlutriņu pamatskola,70.91%,4,LAT9
Saldus novada pašvaldības Kursīšu pamatskola,66.91%,5,LAT9
Saldus novada pašvaldības Lutriņu pamatskola,66.82%,14,LAT9
Saldus novada pašvaldības Pampāļu pamatskola,78.86%,2,LAT9
Saldus novada pašvaldības Rubas pamatskola,74.26%,11,LAT9
Saldus novada pašvaldības Striķu pamatskola,75.76%,6,LAT9
Saldus novada pašvaldības Zirņu pamatskola,67.10%,13,LAT9
Saldus pamatskola,74.59%,19,LAT9
Saldus Vakara vidusskola,60.45%,7,LAT9
Saldus vidusskola,68.81%,69,LAT9
Salgales pamatskola,63.74%,9,LAT9
Salnavas pamatskola,75.91%,7,LAT9
Saulkrastu vidusskola,72.41%,20,LAT9
Seces pagasta pamatskola,73.57%,14,LAT9
Sējas pamatskola,78.45%,20,LAT9
Sesavas pamatskola,62.45%,13,LAT9
Siguldas 1. pamatskola,73.39%,28,LAT9
Siguldas pilsētas vidusskola,71.36%,37,LAT9
Siguldas Valsts ģimnāzija,77.16%,63,LAT9
Sikšņu pamatskola,72.73%,3,LAT9
Skaistkalnes vidusskola,67.70%,15,LAT9
Skrundas vidusskola,61.86%,33,LAT9
Slokas pamatskola,60.36%,30,LAT9
Smārdes pamatskola,64.15%,16,LAT9
Smiltenes vidusskola,71.47%,64,LAT9
"Sociālās korekcijas izglītības iestāde ""Naukšēni""",56.75%,7,LAT9
Sproģu pamatskola,63.79%,3,LAT9
Stacijas pamatskola,59.60%,8,LAT9
Stacijas pamatskolas Vīksnas filiāle (strukt.),58.45%,5,LAT9
Staiceles vidusskola,61.53%,14,LAT9
Stāķu pamatskola,58.48%,9,LAT9
Stalbes vidusskola,67.76%,14,LAT9
Staļģenes vidusskola,68.22%,22,LAT9
Stāmerienas pamatskola,68.35%,11,LAT9
Stelpes pamatskola,67.58%,6,LAT9
Stendes pamatskola,66.82%,6,LAT9
Straupes pamatskola,68.74%,9,LAT9
Strautiņu pamatskola,60.66%,9,LAT9
Strenču novada vidusskola,56.57%,20,LAT9
Struktūrvienība Brasas cietumā (strukt.),46.18%,5,LAT9
Subates pamatskola,57.64%,10,LAT9
Sunākstes pamatskola,56.97%,6,LAT9
Suntažu internātpamatskola - rehabilitācijas centrs (prof.),63.41%,6,LAT9
Suntažu vidusskola,65.51%,17,LAT9
Sūnu pamatskola,71.16%,11,LAT9
Sutru pamatskola,64.82%,5,LAT9
Sventes vidusskola,56.36%,8,LAT9
Svētes pamatskola,58.10%,11,LAT9
Šķaunes pamatskola,49.09%,4,LAT9
Šķeltovas pamatskola,53.38%,7,LAT9
Šķibes pamatskola,65.91%,8,LAT9
Špoģu vidusskola,65.41%,20,LAT9
"Tālmācības vidusskola ""Rīgas Komercskola""",80.00%,5,LAT9
Talsu 2. vidusskola,69.45%,49,LAT9
Talsu Kristīgā vidusskola,80.93%,18,LAT9
Talsu novada Vakara un neklātienes vidusskola,63.83%,7,LAT9
Talsu pamatskola,63.41%,20,LAT9
Talsu Valsts ģimnāzija,76.89%,36,LAT9
Tārgales pamatskola,70.88%,14,LAT9
Taurenes pamatskola,65.00%,2,LAT9
Taurupes pamatskola,64.55%,1,LAT9
Teteles pamatskola,66.88%,7,LAT9
Tilžas internātpamatskola,56.06%,3,LAT9
Tilžas vidusskola,57.16%,4,LAT9
Tīnūžu pamatskola,73.82%,10,LAT9
Tirzas pamatskola,74.66%,8,LAT9
Trapenes pamatskola,67.16%,4,LAT9
Trikātas pamatskola,71.40%,11,LAT9
Tukuma 2. pamatskola,65.43%,39,LAT9
Tukuma 2. vidusskola,64.20%,44,LAT9
Tukuma 3. pamatskola,62.79%,14,LAT9
Tukuma E. Birznieka-Upīša 1. pamatskola,68.04%,24,LAT9
Tukuma Raiņa ģimnāzija,76.22%,26,LAT9
Tukuma Vakara un neklātienes vidusskola,52.73%,6,LAT9
Tumes vidusskola,57.48%,29,LAT9
Turlavas pamatskola,55.91%,5,LAT9
Ugāles vidusskola,65.24%,13,LAT9
Ulbrokas vidusskola,64.45%,55,LAT9
Umurgas pamatskola,65.66%,13,LAT9
Upesleju internātpamatskola - rehabilitācijas centrs,59.68%,10,LAT9
Upītes pamatskola,63.98%,8,LAT9
Uzvaras vidusskola,69.16%,14,LAT9
Užavas pamatskola,64.80%,9,LAT9
V. Plūdoņa Kuldīgas ģimnāzija,67.29%,34,LAT9
Vaboles vidusskola,76.36%,8,LAT9
Vaiņodes internātpamatskola,55.70%,13,LAT9
Vaiņodes vidusskola,63.15%,15,LAT9
Vaivaru pamatskola,63.74%,13,LAT9
Valdemārpils vidusskola,72.01%,31,LAT9
Valkas Jāņa Cimzes ģimnāzija,61.90%,40,LAT9
Valmieras 2. vidusskola,53.48%,12,LAT9
Valmieras 5. vidusskola,76.02%,17,LAT9
Valmieras Pārgaujas ģimnāzija,69.49%,86,LAT9
Valmieras tehnikums Rankas teritoriālā struktūrvienība (prof.) (strukt.),59.62%,6,LAT9
Valmieras Valsts ģimnāzija,76.18%,54,LAT9
Valmieras Viestura vidusskola,68.91%,59,LAT9
Vandzenes pamatskola,69.34%,9,LAT9
Vānes pamatskola,57.73%,4,LAT9
Vangažu vidusskola,49.15%,8,LAT9
Varakļānu novada pašvaldības Stirnienes pamatskola,58.07%,4,LAT9
Varakļānu vidusskola,73.99%,22,LAT9
Variņu pamatskola,73.12%,7,LAT9
Vārkavas vidusskola,64.09%,12,LAT9
Vārmes pamatskola,59.55%,8,LAT9
Vecbebru Profesionālā un vispārizglītojošā internātvidusskola (prof.),56.97%,9,LAT9
Vecpiebalgas konsultpunkts (strukt.),63.48%,3,LAT9
Vecpiebalgas vidusskola,61.99%,13,LAT9
Vecsaules pamatskola,65.68%,10,LAT9
Vecumnieku novada Domes Valles vidusskola,47.54%,12,LAT9
Vecumnieku vidusskola,70.72%,24,LAT9
Ventspils 1. pamatskola,65.42%,29,LAT9
Ventspils 2. pamatskola,63.23%,20,LAT9
Ventspils 4. vidusskola,71.81%,54,LAT9
Ventspils 6. vidusskola,66.72%,34,LAT9
Ventspils Pārventas pamatskola,66.25%,23,LAT9
Ventspils vakara vidusskola,44.39%,6,LAT9
Ventspils Valsts 1. ģimnāzija,75.25%,62,LAT9
Verēmu pamatskola,65.00%,1,LAT9
Vērgales pamatskola,79.09%,9,LAT9
Vestienas pamatskola,66.97%,6,LAT9
Vidagas Sikšņu pamatskola,59.70%,3,LAT9
Vidrižu pamatskola,59.68%,10,LAT9
Viduču pamatskola,60.10%,9,LAT9
Viesītes vidusskola,66.70%,20,LAT9
Vijciema pamatskola,70.00%,5,LAT9
Vilces pamatskola,62.39%,8,LAT9
Vilgāles pamatskola,64.48%,7,LAT9
Viļakas Valsts ģimnāzija,71.32%,20,LAT9
Viļānu vidusskola,57.94%,36,LAT9
Vīpes pamatskola,56.36%,2,LAT9
Virbu pamatskola,75.27%,10,LAT9
Vircavas vidusskola,68.10%,23,LAT9
Virgas pamatskola,56.52%,3,LAT9
Z.A. Meierovica Kabiles pamatskola,69.55%,7,LAT9
Zaķumuižas pamatskola,63.42%,17,LAT9
Zaļenieku komerciālā un amatniecības vidusskola (prof.),66.49%,11,LAT9
Zasas vidusskola,63.92%,16,LAT9
Zaubes pamatskola,71.52%,3,LAT9
Zemgales vidusskola,57.57%,17,LAT9
Zemītes pamatskola,47.22%,9,LAT9
Ziemeļvalstu ģimnāzija,67.91%,68,LAT9
Ziemeru pamatskola,70.33%,11,LAT9
Zilupes vidusskola,67.02%,9,LAT9
Zūru pamatskola,62.39%,12,LAT9
Zvejniekciema vidusskola,69.81%,26,LAT9
Žīguru pamatskola,53.33%,9,LAT9
A. Spāģa Dunalkas pamatskola,39.33%,6,MAT9
Ābeļu pamatskola,37.90%,14,MAT9
Ādažu vidusskola,63.01%,73,MAT9
Āgenskalna Valsts ģimnāzija,80.24%,117,MAT9
Aglonas internātvidusskola,47.76%,11,MAT9
Aglonas Katoļu ģimnāzija,60.44%,3,MAT9
Aglonas vidusskola,66.10%,14,MAT9
Aizkraukles novada vidusskola,60.91%,57,MAT9
Aizkraukles Vakara (maiņu) vidusskola,33.03%,13,MAT9
Aizputes k/p (strukt.),48.00%,2,MAT9
Aizputes pagasta pamatskola,58.22%,9,MAT9
Aizputes vidusskola,55.26%,38,MAT9
Aizupes pamatskola,45.94%,11,MAT9
Aknīstes vidusskola,59.08%,13,MAT9
Allažu pamatskola,55.73%,15,MAT9
Alojas Ausekļa vidusskola,56.33%,16,MAT9
Alsungas vidusskola,66.81%,9,MAT9
Alūksnes novada vidusskola,41.78%,21,MAT9
Amatas novada Skujenes pamatskola,41.33%,7,MAT9
Amatas pamatskola,64.00%,9,MAT9
Ances pamatskola,44.44%,3,MAT9
Andreja Eglīša Ļaudonas vidusskola,60.73%,11,MAT9
Andreja Pumpura Rīgas 11. pamatskola,71.16%,38,MAT9
Andreja Upīša Skrīveru vidusskola,62.21%,26,MAT9
Andrupenes pamatskola,55.17%,8,MAT9
Andzeļu pamatskola,53.78%,6,MAT9
Annas Brigaderes pamatskola,29.83%,8,MAT9
Annenieku pamatskola,29.67%,4,MAT9
Apriķu pamatskola,50.67%,3,MAT9
Asares pamatskola,19.33%,2,MAT9
Asūnes pamatskola,46.67%,6,MAT9
Ata Kronvalda Durbes vidusskola,57.13%,13,MAT9
Auces vidusskola,56.95%,35,MAT9
Audriņu pamatskola,42.13%,5,MAT9
Augstkalnes vidusskola,59.11%,15,MAT9
Babītes vidusskola,56.57%,56,MAT9
Baldones Mūzikas pamatskola,62.00%,10,MAT9
Baldones vidusskola,56.36%,30,MAT9
Baložu vidusskola,66.80%,29,MAT9
Baltinavas vidusskola,51.38%,15,MAT9
Balvu pamatskola,51.56%,3,MAT9
Balvu profesionālā un vispārizglītojošā vidusskola (prof.),41.47%,20,MAT9
Balvu Valsts ģimnāzija,65.73%,54,MAT9
Barkavas pamatskola,46.96%,9,MAT9
Baumaņu Kārļa Viļķenes pamatskola,62.29%,7,MAT9
Bauskas 2. vidusskola,59.84%,25,MAT9
Bauskas pilsētas pamatskola,46.97%,26,MAT9
Bauskas Valsts ģimnāzija,62.85%,57,MAT9
Bebrenes vispārizglītojošā un profesionālā vidusskola (prof.),62.97%,13,MAT9
Bebru pamatskola,50.67%,5,MAT9
Bejas pamatskola,43.52%,14,MAT9
Bēnes vidusskola,41.27%,20,MAT9
Berģu Mūzikas un mākslas pamatskola (prof.),70.46%,13,MAT9
Bērzaunes pamatskola,39.56%,6,MAT9
Bērzgales pamatskola (strukt.),71.00%,8,MAT9
Bērzpils vidusskola,58.87%,13,MAT9
Bikstu pamatskola,52.89%,9,MAT9
Biķernieku pamatskola,52.80%,10,MAT9
Bilskas pamatskola,40.44%,6,MAT9
Birzgales pamatskola,69.11%,6,MAT9
Biržu internātpamatskola,51.56%,9,MAT9
Biržu pamatskola,55.33%,6,MAT9
Blīdenes pamatskola,46.22%,9,MAT9
Blomes pamatskola,50.33%,8,MAT9
Brāļu Skrindu Atašienes vidusskola,76.33%,8,MAT9
Briežuciema pamatskola,65.33%,4,MAT9
Brocēnu vidusskola,49.38%,29,MAT9
Burtnieku Ausekļa pamatskola,53.33%,7,MAT9
Carnikavas pamatskola,62.33%,12,MAT9
Cēres pamatskola,63.62%,7,MAT9
Cēsu 1. pamatskola,63.16%,19,MAT9
Cēsu 2. pamatskola,60.51%,29,MAT9
Cēsu 2. vakara (maiņu) vidusskola,25.00%,4,MAT9
Cēsu internātpamatskola - rehabilitācijas centrs,44.67%,2,MAT9
Cēsu Pilsētas vidusskola,53.18%,35,MAT9
Cēsu Valsts ģimnāzija,88.33%,49,MAT9
Cesvaines internātpamatskola,35.33%,6,MAT9
Cesvaines vidusskola,54.30%,22,MAT9
Ciblas vidusskola,49.82%,11,MAT9
Codes pamatskola,42.36%,13,MAT9
Dagdas vidusskola,54.21%,29,MAT9
Daudzeses pamatskola,45.33%,5,MAT9
Daugavgrīvas cietums (strukt.),38.67%,6,MAT9
Daugavpils 10. vidusskola,58.93%,66,MAT9
Daugavpils 11. pamatskola,37.89%,19,MAT9
Daugavpils 12. vidusskola,47.84%,41,MAT9
Daugavpils 13. vidusskola,72.26%,41,MAT9
Daugavpils 15. vidusskola,52.14%,46,MAT9
Daugavpils 16. vidusskola,56.43%,43,MAT9
Daugavpils 17. vidusskola,51.52%,28,MAT9
Daugavpils 3. vidusskola,61.33%,56,MAT9
Daugavpils 9. vidusskola,62.90%,45,MAT9
Daugavpils Būvniecības tehnikums (prof.),36.61%,11,MAT9
Daugavpils Centra vidusskola,70.55%,34,MAT9
Daugavpils Krievu vidusskola - licejs,79.62%,59,MAT9
Daugavpils logopēdiskā internātpamatskola - attīstības centrs,54.15%,13,MAT9
Daugavpils Saskaņas pamatskola,71.81%,35,MAT9
Daugavpils Valsts ģimnāzija,74.19%,25,MAT9
Daugavpils Vienības pamatskola,54.72%,24,MAT9
Daugmales pamatskola,50.00%,12,MAT9
Dāvja Ozoliņa Apes vidusskola,44.29%,14,MAT9
Degumnieku pamatskola,58.22%,6,MAT9
Dekšāru pamatskola,56.24%,11,MAT9
Dignājas pamatskola,51.00%,4,MAT9
Dobeles 1. vidusskola,41.66%,41,MAT9
Dobeles Amatniecības un vispārizglītojošā vidusskola (prof.),47.56%,9,MAT9
Dobeles Kristīgā pamatskola,34.67%,10,MAT9
Dobeles Valsts ģimnāzija,61.46%,54,MAT9
Drabešu internātpamatskola,37.67%,4,MAT9
Draudzīgā Aicinājuma Cēsu Valsts ģimnāzija,68.70%,36,MAT9
Draudzīgā aicinājuma Liepājas pilsētas 5. vidusskola,59.86%,84,MAT9
Dravnieku pamatskola,65.33%,9,MAT9
Dricānu vidusskola,37.54%,13,MAT9
Drustu pamatskola,76.00%,4,MAT9
Druvienas pamatskola,49.20%,10,MAT9
Dunavas pamatskola,63.33%,2,MAT9
Dundagas vidusskola,52.35%,23,MAT9
Dzelzavas pamatskola,53.25%,16,MAT9
Dzērbenes vispārizglītojošā un mūzikas pamatskola (prof.),47.67%,4,MAT9
Dzērves pamatskola,57.87%,10,MAT9
Dzimtmisas pamatskola,75.26%,9,MAT9
Džūkstes pamatskola,46.13%,15,MAT9
Edgara Kauliņa Lielvārdes vidusskola,55.94%,44,MAT9
Ēdoles pamatskola,54.33%,8,MAT9
Eglaines pamatskola,48.44%,9,MAT9
Elejas vidusskola,53.33%,34,MAT9
Emīla Dārziņa mūzikas vidusskola (prof.),63.74%,31,MAT9
Engures vidusskola,53.23%,26,MAT9
Ērgļu vidusskola,48.44%,15,MAT9
Ērģemes pamatskola,51.62%,7,MAT9
Ernsta Glika Alūksnes Valsts ģimnāzija,65.05%,47,MAT9
Ēveles pamatskola,43.47%,5,MAT9
Ezernieku vidusskola,52.21%,13,MAT9
Feimaņu pamatskola,53.56%,6,MAT9
"filiāle ""Laidzes pamatskola"" (strukt.)",56.67%,10,MAT9
Friča Brīvzemnieka pamatskola,37.07%,20,MAT9
Gaigalavas pamatskola,52.00%,4,MAT9
Gaiķu pamatskola,56.00%,4,MAT9
Galēnu pamatskola,56.83%,8,MAT9
Galgauskas pamatskola,42.22%,6,MAT9
Gardenes pamatskola,61.81%,14,MAT9
Garkalnes Mākslu un vispārizglītojošā vidusskola (prof.),60.86%,17,MAT9
Garlība Merķeļa Lēdurgas pamatskola,57.74%,13,MAT9
Garozas pamatskola,54.67%,7,MAT9
Gaujienas internātpamatskola,43.11%,6,MAT9
Gaviezes pamatskola,49.33%,7,MAT9
Gramzdas pamatskola,56.67%,6,MAT9
Griķu pamatskola,53.00%,4,MAT9
Grobiņas ģimnāzija,59.97%,50,MAT9
Grundzāles pamatskola,66.33%,8,MAT9
Gulbenes 2. vidusskola,55.76%,28,MAT9
Gulbenes novada valsts ģimnāzija,64.00%,20,MAT9
Gulbenes vidusskola,55.94%,22,MAT9
Gulbīša vidusskola,58.10%,7,MAT9
Iecavas internātpamatskola,68.22%,6,MAT9
Iecavas vidusskola,59.42%,48,MAT9
Ikšķiles vidusskola,60.47%,51,MAT9
Ilmāra Gaiša Kokneses vidusskola,53.20%,31,MAT9
Ilūkstes 1. vidusskola,73.92%,16,MAT9
Ilūkstes Sadraudzības vidusskola,42.79%,11,MAT9
Ilzenes pamatskola,39.00%,4,MAT9
Iļģuciema vidusskola,55.38%,28,MAT9
Inčukalna pamatskola,59.36%,23,MAT9
Indras pamatskola,50.81%,9,MAT9
Inešu pamatskola (prof.),59.78%,6,MAT9
"Informācijas sistēmu menedžmenta augstskolas vidusskola ""PREMJERS""",64.86%,14,MAT9
IPĪV_Dagda (prof.) (strukt.),45.14%,7,MAT9
Irlavas vidusskola,59.67%,16,MAT9
Īslīces vidusskola,56.62%,15,MAT9
Istras vidusskola,42.56%,12,MAT9
Izvaltas pamatskola,44.44%,9,MAT9
J. Čakstes Liepājas pilsētas 10. vidusskola,62.15%,36,MAT9
J. Endzelīna Kauguru pamatskola,60.47%,17,MAT9
J. Raiņa Daugavpils 6. vidusskola,46.43%,28,MAT9
J.G.Herdera Rīgas Grīziņkalna vidusskola,52.55%,39,MAT9
J.Pilsudska Daugavpils valsts poļu ģimnāzija,56.18%,30,MAT9
Jankas Kupalas Rīgas Baltkrievu pamatskola,53.24%,14,MAT9
Jāņa Zālīša Sausnējas pamatskola,57.71%,7,MAT9
Jaunannas Mūzikas un mākslas pamatskola (prof.),70.67%,7,MAT9
Jaunburtnieku pamatskola,50.55%,11,MAT9
Jaunjelgavas vidusskola,65.85%,13,MAT9
Jaunlaicenes pamatskola,50.40%,5,MAT9
Jaunmārupes pamatskola,63.49%,21,MAT9
Jaunogres vidusskola,60.53%,43,MAT9
Jaunpiebalgas vidusskola,50.80%,20,MAT9
Jaunpils vidusskola,47.04%,18,MAT9
Jaunsilavas pamatskola,40.22%,6,MAT9
Jaunstrūžānu pamatskola,54.67%,8,MAT9
Jēkabpils 2. vidusskola,54.33%,44,MAT9
Jēkabpils 3. vidusskola,51.52%,44,MAT9
Jēkabpils Agrobiznesa koledža (prof.),32.53%,5,MAT9
Jēkabpils vakara vidusskola,34.76%,14,MAT9
Jēkabpils Valsts ģimnāzija,59.80%,72,MAT9
Jelgavas 1. internātpamatskola,54.10%,7,MAT9
Jelgavas 2. pamatskola,53.46%,41,MAT9
Jelgavas 4. vidusskola,61.87%,62,MAT9
Jelgavas 5. vidusskola,54.85%,36,MAT9
Jelgavas 6. vidusskola,60.10%,54,MAT9
Jelgavas Amatu vidusskola (prof.),38.50%,8,MAT9
Jelgavas cietums (strukt.),37.33%,2,MAT9
Jelgavas novada Neklātienes vidusskola,29.45%,11,MAT9
Jelgavas Spīdolas ģimnāzija,68.63%,89,MAT9
Jelgavas Tehnoloģiju vidusskola,41.95%,65,MAT9
Jelgavas Vakara (maiņu) vidusskola,33.33%,9,MAT9
Jelgavas Valsts ģimnāzija,62.67%,114,MAT9
Jersikas pamatskola,51.56%,6,MAT9
Jumpravas vidusskola,53.47%,20,MAT9
Jura Neikena Dikļu pamatskola,40.89%,9,MAT9
Jūrmalas Alternatīvā skola,82.13%,15,MAT9
Jūrmalas pilsētas Jaundubultu vidusskola,63.65%,23,MAT9
Jūrmalas pilsētas Kauguru vidusskola,56.55%,39,MAT9
Jūrmalas pilsētas Lielupes pamatskola,72.15%,9,MAT9
Jūrmalas pilsētas Mežmalas vidusskola,41.09%,38,MAT9
Jūrmalas vakara vidusskola,40.74%,9,MAT9
Jūrmalas Valsts ģimnāzija,69.92%,57,MAT9
K. Valdemāra pamatskola,29.78%,3,MAT9
Kalētu pamatskola,58.13%,5,MAT9
Kalnciema pagasta vidusskola,47.71%,14,MAT9
Kalnciema vidusskola,54.25%,19,MAT9
Kalsnavas pamatskola,50.48%,14,MAT9
Kalupes pamatskola,32.53%,5,MAT9
Kalvenes pamatskola,61.33%,3,MAT9
Kandavas internātvidusskola,61.73%,34,MAT9
Kandavas Kārļa Mīlenbaha vidusskola,60.43%,25,MAT9
Kandavas novada Zantes pamatskola,47.11%,9,MAT9
Kapsēdes pamatskola,52.13%,10,MAT9
Kārķu pamatskola,53.11%,6,MAT9
Kārsavas vidusskola,72.07%,20,MAT9
Kaunatas vidusskola,55.30%,19,MAT9
Kocēnu pamatskola,64.37%,18,MAT9
Kokneses internātpamatskola - attīstības centrs (prof.),44.00%,1,MAT9
Kolkas pamatskola,43.17%,8,MAT9
Krapes filiāle (strukt.),50.67%,4,MAT9
Krāslavas gr. Plāteru v.n. Poļu pamatskola,52.67%,4,MAT9
Krāslavas pamatskola,58.43%,23,MAT9
Krāslavas Valsts ģimnāzija,61.45%,22,MAT9
Krāslavas Varavīksnes vidusskola,50.21%,41,MAT9
Krimuldas vidusskola,57.75%,29,MAT9
Kristiāna Dāvida pamatskola,64.00%,3,MAT9
Krišjāņa Valdemāra Ainažu pamatskola,54.30%,11,MAT9
Krotes Kronvalda Ata pamatskola,41.87%,10,MAT9
Kruķu pamatskola (strukt.),43.43%,7,MAT9
Krustpils pamatskola,51.13%,20,MAT9
Kuldīgas 2. vidusskola,44.18%,38,MAT9
Kuldīgas Centra vidusskola,57.19%,55,MAT9
Kuldīgas Mākslas un humanitāro zinību vidusskola (prof.),59.67%,16,MAT9
Kuldīgas pamatskola,63.58%,19,MAT9
Kuldīgas pamatskolas Basu filiāle (strukt.),52.33%,4,MAT9
Kusas pamatskola,50.89%,12,MAT9
Ķeguma komercnovirziena vidusskola,57.93%,18,MAT9
Ķeipenes pamatskola,58.48%,7,MAT9
Ķekavas vidusskola,54.25%,70,MAT9
Ķemeru pamatskola,61.17%,8,MAT9
Lāču pamatskola,61.33%,10,MAT9
Lādezera pamatskola,46.96%,9,MAT9
Laidu pamatskola,41.94%,11,MAT9
Lapmežciema pamatskola,58.67%,7,MAT9
Laucesas pamatskola,66.67%,4,MAT9
Laucienes pamatskola,64.24%,11,MAT9
"Laucienes pamatskolas filiāle ""Dursupes pamatskola"" (strukt.)",48.00%,5,MAT9
Lazdonas pamatskola,49.60%,5,MAT9
Lēdmanes pamatskola,60.00%,16,MAT9
Lejasciema vidusskola,45.33%,8,MAT9
Lielvārdes pamatskola,55.15%,25,MAT9
Liepājas 3. pamatskola,56.62%,30,MAT9
Liepājas 7. vidusskola,58.78%,58,MAT9
Liepājas 8. vidusskola,59.15%,44,MAT9
Liepājas A. Puškina 2. vidusskola,61.41%,54,MAT9
Liepājas internātpamatskola,26.08%,16,MAT9
Liepājas Katoļu pamatskola,54.48%,7,MAT9
Liepājas pilsētas 12. vidusskola,48.92%,39,MAT9
Liepājas Raiņa 6. vidusskola,48.41%,69,MAT9
Liepājas vakara (maiņu) vidusskola,44.00%,16,MAT9
Liepājas Valsts 1. ģimnāzija,63.64%,89,MAT9
Liepas pamatskola,46.56%,13,MAT9
Liepnas internātpamatskola,44.22%,12,MAT9
Liepnas vidusskola,67.00%,4,MAT9
Liepu pamatskola (strukt.),50.44%,12,MAT9
Liepupes vidusskola,61.45%,11,MAT9
Liezēres pamatskola,40.33%,8,MAT9
Līgatnes novada vidusskola,60.98%,15,MAT9
Limbažu 3. vidusskola,45.58%,32,MAT9
Limbažu novada ģimnāzija,57.37%,42,MAT9
Litenes pamatskola,55.67%,4,MAT9
Līvānu 1. vidusskola,54.44%,48,MAT9
Līvānu 2. vidusskola,52.14%,19,MAT9
Līvānu novada Vakara (maiņu) vidusskola,39.70%,9,MAT9
Līvbērzes vidusskola,49.50%,8,MAT9
Līvu pamatskola,33.60%,10,MAT9
Lizuma vidusskola,45.13%,13,MAT9
Lubānas vidusskola,49.07%,20,MAT9
Lūcijas Rancānes Makašānu Amatu vidusskola,49.11%,6,MAT9
Ludzas 2. vidusskola,54.94%,29,MAT9
Ludzas novada vakara vidusskola,45.33%,2,MAT9
Ludzas pilsētas ģimnāzija,53.75%,48,MAT9
Madlienas vidusskola,51.22%,17,MAT9
Madonas pilsētas 1. vidusskola,52.89%,30,MAT9
Madonas pilsētas 2. vidusskola,45.82%,19,MAT9
Madonas Vakara un neklātienes vidusskola,26.00%,2,MAT9
Madonas Valsts ģimnāzija,66.97%,39,MAT9
Majoru vidusskola,63.66%,39,MAT9
Malienas pamatskola,55.41%,9,MAT9
Mālpils internātpamatskola (prof.),40.50%,8,MAT9
Mālpils novada vidusskola,50.37%,36,MAT9
Maltas vidusskola,61.83%,43,MAT9
Mālupes pamatskola,61.67%,4,MAT9
Mārsnēnu pamatskola,52.00%,4,MAT9
Mārupes pamatskola,59.75%,16,MAT9
Mārupes vidusskola,61.70%,76,MAT9
Māteru Jura Kazdangas pamatskola,61.05%,14,MAT9
Matīšu pamatskola,52.44%,9,MAT9
Mazozolu filiāle (strukt.),58.67%,6,MAT9
Mazsalacas vidusskola,53.49%,25,MAT9
Mazzalves pamatskola,61.83%,8,MAT9
Medumu pamatskola,56.95%,7,MAT9
Meirānu Kalpaka pamatskola,48.00%,1,MAT9
Meņģeles filiāle (strukt.),58.67%,6,MAT9
Mērdzenes pamatskola,75.11%,3,MAT9
Mērsraga vidusskola,44.53%,15,MAT9
Mētrienas pamatskola,74.67%,1,MAT9
Mežāres pamatskola,56.13%,10,MAT9
Mežciema pamatskola,66.50%,47,MAT9
Mežgaļu pamatskola,46.07%,9,MAT9
Mežinieku pamatskola,47.27%,11,MAT9
Mežotnes pamatskola,48.95%,7,MAT9
Mežvidu pamatskola,46.22%,3,MAT9
Misas vidusskola,34.56%,13,MAT9
Mores pamatskola,56.93%,10,MAT9
Murjāņu sporta ģimnāzija (prof.),52.82%,39,MAT9
Murmastienes pamatskola,56.00%,4,MAT9
Naujenes pamatskola,57.54%,13,MAT9
Naukšēnu novada vidusskola,53.33%,17,MAT9
Nautrēnu vidusskola,52.82%,13,MAT9
Neretas Jāņa Jaunsudrabiņa vidusskola,49.21%,11,MAT9
Nīcas vidusskola,65.60%,15,MAT9
Nīgrandes pagasta Kalnu vidusskola,59.00%,16,MAT9
Nīkrāces pamatskola,61.67%,4,MAT9
Nirzas pamatskola,21.07%,5,MAT9
Nītaures vidusskola,57.33%,10,MAT9
O.Kalpaka Rīgas Tautas daiļamatu pamatskola,55.47%,43,MAT9
Ogres 1. vidusskola,54.00%,80,MAT9
OGRES 1.VIDUSSKOLAS VAKARA UN NEKLĀTIENES NODAĻA (strukt.),41.67%,4,MAT9
Ogres Valsts ģimnāzija,63.94%,71,MAT9
Ogresgala pamatskola,50.51%,17,MAT9
Ojāra Vācieša Gaujienas pamatskola,50.52%,9,MAT9
Olaines 1. vidusskola,56.40%,56,MAT9
Olaines 2. vidusskola,52.17%,55,MAT9
Oskara Kalpaka Liepājas 15. vidusskola,48.46%,55,MAT9
Oskara Kalpaka Rudbāržu pamatskola,66.67%,3,MAT9
Ozolaines pamatskola,43.15%,11,MAT9
Ozolmuižas pamatskola,39.00%,8,MAT9
Ozolnieku vidusskola,64.20%,34,MAT9
Ozolu pamatskola,44.89%,6,MAT9
Pāles pamatskola,44.97%,11,MAT9
Palsmanes pamatskola,50.10%,7,MAT9
"Pamatskola ""Harmonija""",60.27%,5,MAT9
"Pamatskola ""Rīdze""",68.61%,50,MAT9
Pastendes pamatskola,45.23%,13,MAT9
Pāvilostas vidusskola,56.48%,14,MAT9
Pededzes pamatskola,56.38%,7,MAT9
Pelēču pamatskola,65.33%,2,MAT9
Penkules pamatskola,63.11%,9,MAT9
Pildas pamatskola,47.89%,12,MAT9
Pilsrundāles vidusskola (prof.),63.30%,19,MAT9
Piltenes vidusskola,49.63%,9,MAT9
Pļaviņu novada ģimnāzija,57.47%,39,MAT9
Popes pamatskola,53.21%,11,MAT9
Preiļu 1. pamatskola,60.80%,57,MAT9
Preiļu 2. vidusskola,57.13%,13,MAT9
Preiļu novada Vakara (maiņu) un neklātienes vidusskola,42.67%,8,MAT9
Priekules vidusskola,40.87%,23,MAT9
Priekuļu vidusskola,57.97%,25,MAT9
Priežmalas pamatskola,56.44%,3,MAT9
"Privātā pamatskola ""Gaismas tilts 97""",80.17%,8,MAT9
"Privātā pamatskola ""Maksima""",73.33%,10,MAT9
Privātā Rīgas Tehnolingvistiskā ģimnāzija,62.33%,4,MAT9
"Privātā vidusskola ""Klasika""",73.33%,7,MAT9
"Privātā vidusskola ""Laisma""",47.11%,3,MAT9
"Privātā vidusskola ""Norma""",48.33%,4,MAT9
"Privātā vidusskola ""Patnis""",67.29%,15,MAT9
"Privātā vidusskola ""RIMS""",67.11%,3,MAT9
Privātā vidusskola Ādažu Brīvā Valdorfa skola,64.00%,16,MAT9
"Privātskola ""Latreia""",87.62%,7,MAT9
"Profesionālās izglītības kompetences centrs ""Nacionālā Mākslu vidusskola"" (prof.)",55.29%,17,MAT9
Pumpuru vidusskola,54.26%,36,MAT9
Pūņu pamatskola,75.81%,7,MAT9
Pūres pamatskola,49.75%,19,MAT9
Puškina licejs,59.71%,59,MAT9
Pušmucovas pamatskola,48.44%,9,MAT9
Puzes pamatskola,62.44%,6,MAT9
Raiskuma internātpamatskola - rehabilitācijas centrs,52.44%,3,MAT9
Rāmuļu pamatskola,44.89%,3,MAT9
Randenes pamatskola,63.67%,4,MAT9
Rankas pamatskola,59.11%,6,MAT9
Raunas vidusskola,54.00%,12,MAT9
Rekavas vidusskola,56.78%,12,MAT9
Remtes pamatskola,59.47%,5,MAT9
Rencēnu pamatskola,61.17%,8,MAT9
Rēzeknes 2. vidusskola,70.72%,52,MAT9
Rēzeknes 3. vidusskola,63.76%,28,MAT9
Rēzeknes 4. vidusskola,64.99%,27,MAT9
Rēzeknes 5. vidusskola,56.61%,37,MAT9
Rēzeknes 6. vidusskola,67.12%,38,MAT9
Rēzeknes internātpamatskola-attīstības centrs,76.22%,6,MAT9
Rēzeknes Katoļu vidusskola,60.62%,13,MAT9
Rēzeknes Valsts 1. ģimnāzija,66.29%,68,MAT9
Rēzeknes valsts poļu ģimnāzija,56.53%,33,MAT9
Rēznas pamatskola,54.13%,10,MAT9
Riebiņu vidusskola,45.71%,21,MAT9
Rīgas 1. Tālmācības vidusskola,38.51%,25,MAT9
Rīgas 1. vidusskola,32.92%,32,MAT9
Rīgas 10. vidusskola,72.06%,66,MAT9
Rīgas 13. vidusskola,59.10%,34,MAT9
Rīgas 14. vakara (maiņu) vidusskola,26.19%,14,MAT9
Rīgas 15. vidusskola,43.64%,30,MAT9
Rīgas 18. vakara (maiņu) vidusskola,23.56%,9,MAT9
Rīgas 19. vidusskola,50.40%,25,MAT9
Rīgas 21. vidusskola,48.98%,34,MAT9
Rīgas 22. vidusskola,61.86%,46,MAT9
Rīgas 25. vidusskola,54.19%,79,MAT9
Rīgas 28. vidusskola,39.87%,21,MAT9
Rīgas 29. vidusskola,36.00%,10,MAT9
Rīgas 31. vidusskola,52.38%,32,MAT9
Rīgas 33. vidusskola,59.25%,64,MAT9
Rīgas 34. vidusskola,73.44%,89,MAT9
Rīgas 37. vidusskola,59.78%,6,MAT9
Rīgas 40. vidusskola,79.10%,67,MAT9
Rīgas 41. vidusskola,46.84%,30,MAT9
Rīgas 45. vidusskola,45.77%,40,MAT9
Rīgas 46. vidusskola,52.09%,29,MAT9
Rīgas 47. vidusskola,46.47%,48,MAT9
Rīgas 51. vidusskola,60.90%,31,MAT9
Rīgas 53. vidusskola,61.78%,15,MAT9
Rīgas 54. vidusskola,65.73%,20,MAT9
Rīgas 6. vidusskola,55.61%,51,MAT9
Rīgas 60. vidusskola,55.86%,38,MAT9
Rīgas 61. vidusskola,52.67%,20,MAT9
Rīgas 63. vidusskola,49.33%,43,MAT9
Rīgas 64. vidusskola,76.67%,90,MAT9
Rīgas 66. speciālā vidusskola,41.27%,22,MAT9
Rīgas 69. vidusskola,72.35%,19,MAT9
Rīgas 7. pamatskola,28.53%,5,MAT9
Rīgas 71. vidusskola,64.37%,54,MAT9
Rīgas 72. vidusskola,60.27%,94,MAT9
Rīgas 74. vidusskola,62.84%,31,MAT9
Rīgas 75. vidusskola,59.82%,38,MAT9
Rīgas 80. vidusskola,55.22%,65,MAT9
Rīgas 84. vidusskola,69.11%,61,MAT9
Rīgas 85. vidusskola,53.48%,9,MAT9
Rīgas 86. vidusskola,60.11%,49,MAT9
Rīgas 88. vidusskola,56.14%,68,MAT9
Rīgas 89. vidusskola,51.49%,42,MAT9
Rīgas 9. vakara (maiņu) vidusskola,23.52%,28,MAT9
Rīgas 92. vidusskola,52.69%,68,MAT9
Rīgas 93. vidusskola,46.91%,39,MAT9
Rīgas 94. vidusskola,41.61%,24,MAT9
Rīgas 95. vidusskola,68.80%,58,MAT9
Rīgas 96. vidusskola,63.60%,57,MAT9
Rīgas Angļu ģimnāzija,64.02%,77,MAT9
Rīgas Anniņmuižas vidusskola,55.57%,53,MAT9
Rīgas Austrumu vidusskola,48.85%,22,MAT9
Rīgas Avotu pamatskola,43.28%,13,MAT9
Rīgas Centra daiļamatniecības pamatskola,67.70%,35,MAT9
Rīgas Centra humanitārā vidusskola,72.03%,78,MAT9
Rīgas Daugavgrīvas vidusskola,53.45%,33,MAT9
Rīgas Ezerkrastu pamatskola,25.71%,7,MAT9
Rīgas Franču licejs,73.14%,54,MAT9
Rīgas Hanzas vidusskola,55.48%,79,MAT9
Rīgas Igauņu pamatskola,69.11%,12,MAT9
Rīgas Imantas vidusskola,57.46%,53,MAT9
Rīgas Itas Kozakēvičas Poļu vidusskola,59.26%,18,MAT9
Rīgas Jāņa Poruka vidusskola,43.01%,27,MAT9
Rīgas Juglas vidusskola,61.85%,59,MAT9
Rīgas Katoļu ģimnāzija,61.00%,4,MAT9
Rīgas Klasiskā ģimnāzija,63.15%,103,MAT9
Rīgas Kristīgā vidusskola,43.41%,9,MAT9
Rīgas Kultūru vidusskola,57.41%,36,MAT9
Rīgas Ķengaraga vidusskola,46.80%,49,MAT9
Rīgas Lastādijas internātpamatskola,31.69%,13,MAT9
Rīgas Lietuviešu vidusskola,72.55%,29,MAT9
Rīgas Mūzikas internātvidusskola,52.19%,14,MAT9
Rīgas Natālijas Draudziņas vidusskola ,59.85%,36,MAT9
Rīgas Ostvalda vidusskola,68.09%,59,MAT9
Rīgas Pārdaugavas pamatskola,57.62%,23,MAT9
Rīgas pilsētas Pļavnieku ģimnāzija,55.52%,28,MAT9
Rīgas Pļavnieku pamatskola,62.74%,39,MAT9
Rīgas Purvciema vidusskola,62.91%,104,MAT9
Rīgas Raiņa 8. vakara (maiņu) vidusskola,22.89%,18,MAT9
Rīgas Rīnūžu vidusskola,51.57%,47,MAT9
Rīgas Sergeja Žoltoka vidusskola,56.37%,18,MAT9
Rīgas Tālmācības vidusskola,40.05%,26,MAT9
Rīgas Teikas vidusskola,69.59%,87,MAT9
Rīgas Ukraiņu vidusskola,51.11%,21,MAT9
Rīgas vakara ģimnāzija,43.11%,21,MAT9
Rīgas Valdorfskola,63.00%,16,MAT9
Rīgas Valsts 1. ģimnāzija,96.56%,126,MAT9
Rīgas Valsts 2. ģimnāzija,77.95%,87,MAT9
Rīgas Valsts 3. ģimnāzija,80.07%,120,MAT9
Rīgas Valsts vācu ģimnāzija,61.73%,103,MAT9
Rīgas Zolitūdes ģimnāzija,66.18%,126,MAT9
Rikavas pamatskola (strukt.),76.67%,2,MAT9
Rites pamatskola,54.40%,10,MAT9
Robežnieku pamatskola,44.00%,4,MAT9
Rojas vidusskola,53.08%,26,MAT9
Ropažu vidusskola,41.19%,19,MAT9
Rožupes pamatskola,51.76%,11,MAT9
Rubenes pamatskola,47.79%,13,MAT9
Rubeņu pamatskola,61.50%,8,MAT9
Rucavas pamatskola,45.48%,9,MAT9
Rudes pamatskola,63.67%,4,MAT9
Rudzātu vidusskola,60.53%,10,MAT9
Rugāju novada Eglaines pamatskola,60.40%,10,MAT9
Rugāju novada vidusskola,56.44%,12,MAT9
Rūjienas vidusskola,57.52%,43,MAT9
Rušonas pamatskola,68.00%,6,MAT9
Sabiles vidusskola,55.20%,10,MAT9
Sakstagala Jāņa Klīdzēja pamatskola,47.15%,11,MAT9
Salacgrīvas vidusskola,60.48%,28,MAT9
Salas pamatskola,56.44%,6,MAT9
Salas vidusskola,63.51%,19,MAT9
"Salaspils novada pašvaldības iestāde ""Salaspils 1. vidusskola""",65.87%,57,MAT9
"Salaspils novada pašvaldības iestāde ""Salaspils 2. vidusskola""",47.30%,42,MAT9
Saldus novada pašvaldības Cieceres internātpamatskola,39.28%,13,MAT9
Saldus novada pašvaldības Druvas vidusskola,61.64%,22,MAT9
Saldus novada pašvaldības Ezeres pamatskola,58.80%,10,MAT9
Saldus novada pašvaldības Jaunlutriņu pamatskola,59.67%,4,MAT9
Saldus novada pašvaldības Kursīšu pamatskola,50.40%,5,MAT9
Saldus novada pašvaldības Lutriņu pamatskola,49.33%,14,MAT9
Saldus novada pašvaldības Pampāļu pamatskola,58.67%,2,MAT9
Saldus novada pašvaldības Rubas pamatskola,64.97%,11,MAT9
Saldus novada pašvaldības Striķu pamatskola,60.44%,6,MAT9
Saldus novada pašvaldības Zirņu pamatskola,57.23%,13,MAT9
Saldus pamatskola,60.07%,19,MAT9
Saldus Vakara vidusskola,33.71%,7,MAT9
Saldus vidusskola,59.23%,69,MAT9
Salgales pamatskola,68.00%,9,MAT9
Salienas vidusskola,49.33%,7,MAT9
Salnavas pamatskola,59.43%,7,MAT9
Saulkrastu vidusskola,56.06%,21,MAT9
Seces pagasta pamatskola,49.14%,14,MAT9
Sējas pamatskola,65.33%,20,MAT9
Sesavas pamatskola,55.08%,13,MAT9
Siguldas 1. pamatskola,58.57%,28,MAT9
Siguldas pilsētas vidusskola,64.08%,35,MAT9
Siguldas Valsts ģimnāzija,72.95%,63,MAT9
Sikšņu pamatskola,57.33%,3,MAT9
Silenes pamatskola,67.11%,6,MAT9
Skaistkalnes vidusskola,45.51%,15,MAT9
Skrundas vidusskola,52.08%,33,MAT9
Slokas pamatskola,56.04%,30,MAT9
Smārdes pamatskola,48.00%,16,MAT9
Smiltenes vidusskola,56.52%,64,MAT9
"Sociālās korekcijas izglītības iestāde ""Naukšēni""",43.24%,7,MAT9
Sproģu pamatskola,40.00%,3,MAT9
Stacijas pamatskola,44.17%,8,MAT9
Stacijas pamatskolas Vīksnas filiāle (strukt.),52.80%,5,MAT9
Staiceles vidusskola,50.67%,14,MAT9
Stāķu pamatskola,44.59%,9,MAT9
Stalbes vidusskola,61.13%,13,MAT9
Staļģenes vidusskola,49.03%,22,MAT9
Stāmerienas pamatskola,35.88%,11,MAT9
Stelpes pamatskola,51.11%,6,MAT9
Stendes pamatskola,48.44%,6,MAT9
Stopiņu pamatskola,52.00%,8,MAT9
Straupes pamatskola,72.15%,9,MAT9
Strautiņu pamatskola,64.74%,9,MAT9
Strenču novada vidusskola,49.87%,30,MAT9
Struktūrvienība Brasas cietumā (strukt.),18.13%,5,MAT9
Subates pamatskola,46.55%,11,MAT9
Sunākstes pamatskola,37.56%,6,MAT9
Suntažu internātpamatskola - rehabilitācijas centrs (prof.),61.78%,6,MAT9
Suntažu vidusskola,65.33%,17,MAT9
Sūnu pamatskola,71.76%,11,MAT9
Sutru pamatskola,53.07%,5,MAT9
Sventes vidusskola,73.67%,8,MAT9
Svētes pamatskola,41.09%,11,MAT9
Š. Dubnova Rīgas Ebreju vidusskola,65.87%,10,MAT9
Šķaunes pamatskola,45.67%,4,MAT9
Šķeltovas pamatskola,61.14%,7,MAT9
Šķibes pamatskola,49.83%,8,MAT9
Špoģu vidusskola,66.07%,27,MAT9
"Tālmācības vidusskola ""Rīgas Komercskola""",57.67%,4,MAT9
Talsu 2. vidusskola,55.43%,49,MAT9
Talsu Kristīgā vidusskola,65.33%,17,MAT9
Talsu novada Vakara un neklātienes vidusskola,30.93%,10,MAT9
Talsu pamatskola,65.00%,20,MAT9
Talsu Valsts ģimnāzija,67.48%,36,MAT9
Tārgales pamatskola,53.24%,14,MAT9
Taurenes pamatskola,46.67%,2,MAT9
Taurupes pamatskola,44.00%,1,MAT9
Teteles pamatskola,53.25%,16,MAT9
Tilžas internātpamatskola,40.00%,3,MAT9
Tilžas vidusskola,68.67%,4,MAT9
Tīnūžu pamatskola,55.07%,10,MAT9
Tirzas pamatskola,53.17%,8,MAT9
Tiskādu vidusskola,53.90%,14,MAT9
Trapenes pamatskola,60.00%,4,MAT9
Trikātas pamatskola,48.48%,11,MAT9
Tukuma 2. pamatskola,60.81%,38,MAT9
Tukuma 2. vidusskola,47.18%,44,MAT9
Tukuma 3. pamatskola,45.14%,14,MAT9
Tukuma E. Birznieka-Upīša 1. pamatskola,61.33%,24,MAT9
Tukuma Raiņa ģimnāzija,71.38%,26,MAT9
Tukuma Vakara un neklātienes vidusskola,29.33%,7,MAT9
Tumes vidusskola,37.29%,28,MAT9
Turlavas pamatskola,38.13%,5,MAT9
Ugāles vidusskola,54.77%,13,MAT9
Ulbrokas vidusskola,55.90%,55,MAT9
Umurgas pamatskola,58.05%,13,MAT9
Upesleju internātpamatskola - rehabilitācijas centrs,31.03%,11,MAT9
Upītes pamatskola,54.67%,8,MAT9
Uzvaras vidusskola,59.24%,14,MAT9
Užavas pamatskola,49.33%,9,MAT9
V. Plūdoņa Kuldīgas ģimnāzija,45.56%,35,MAT9
Vaboles vidusskola,71.83%,8,MAT9
Vaiņodes internātpamatskola,36.92%,13,MAT9
Vaiņodes vidusskola,43.82%,15,MAT9
Vaivaru pamatskola,47.69%,13,MAT9
Valdemārpils vidusskola,61.68%,31,MAT9
Valkas Jāņa Cimzes ģimnāzija,65.83%,40,MAT9
Valmieras 2. vidusskola,48.84%,35,MAT9
Valmieras 5. vidusskola,56.71%,17,MAT9
Valmieras Pārgaujas ģimnāzija,62.79%,85,MAT9
Valmieras tehnikums Rankas teritoriālā struktūrvienība (prof.) (strukt.),25.90%,7,MAT9
Valmieras Valsts ģimnāzija,65.04%,54,MAT9
Valmieras Viestura vidusskola,59.01%,59,MAT9
Vandzenes pamatskola,49.19%,9,MAT9
Vānes pamatskola,47.67%,4,MAT9
Vangažu vidusskola,53.00%,28,MAT9
Varakļānu novada pašvaldības Stirnienes pamatskola,37.67%,4,MAT9
Varakļānu vidusskola,50.42%,22,MAT9
Variņu pamatskola,37.33%,7,MAT9
Vārkavas vidusskola,52.11%,12,MAT9
Vārmes pamatskola,53.50%,8,MAT9
Vecbebru Profesionālā un vispārizglītojošā internātvidusskola (prof.),58.81%,9,MAT9
Vecpiebalgas konsultpunkts (strukt.),72.89%,3,MAT9
Vecpiebalgas vidusskola,57.64%,13,MAT9
Vecsaules pamatskola,40.53%,10,MAT9
Vecumnieku novada Domes Valles vidusskola,48.78%,12,MAT9
Vecumnieku vidusskola,50.50%,24,MAT9
Ventspils 1. pamatskola,63.77%,29,MAT9
Ventspils 2. pamatskola,55.73%,20,MAT9
Ventspils 2. vidusskola,74.50%,40,MAT9
Ventspils 3. vidusskola,59.37%,34,MAT9
Ventspils 4. vidusskola,70.84%,54,MAT9
Ventspils 6. vidusskola,55.68%,58,MAT9
Ventspils Pārventas pamatskola,48.81%,23,MAT9
Ventspils vakara vidusskola,23.88%,11,MAT9
Ventspils Valsts 1. ģimnāzija,69.20%,62,MAT9
Verēmu pamatskola,61.33%,1,MAT9
Vērgales pamatskola,63.26%,9,MAT9
Vestienas pamatskola,56.44%,6,MAT9
Vidagas Sikšņu pamatskola,49.78%,3,MAT9
Vidrižu pamatskola,53.20%,10,MAT9
Viduču pamatskola,55.26%,9,MAT9
Viesītes vidusskola,59.00%,20,MAT9
Vijciema pamatskola,45.60%,5,MAT9
Vilces pamatskola,46.67%,8,MAT9
Vilgāles pamatskola,32.00%,9,MAT9
Viļakas Valsts ģimnāzija,55.73%,20,MAT9
Viļānu vidusskola,50.44%,53,MAT9
Vīpes pamatskola,46.00%,2,MAT9
Virbu pamatskola,58.13%,10,MAT9
Vircavas vidusskola,46.09%,23,MAT9
Virgas pamatskola,40.44%,3,MAT9
Z.A. Meierovica Kabiles pamatskola,60.19%,7,MAT9
Zaķumuižas pamatskola,64.16%,17,MAT9
Zaļenieku komerciālā un amatniecības vidusskola (prof.),52.33%,12,MAT9
Zasas vidusskola,46.25%,16,MAT9
Zaubes pamatskola,56.89%,3,MAT9
Zemgales vidusskola,55.33%,28,MAT9
Zemītes pamatskola,67.56%,9,MAT9
Ziemeļvalstu ģimnāzija,63.14%,68,MAT9
Ziemeru pamatskola,62.06%,11,MAT9
Zilupes vidusskola,63.47%,30,MAT9
Zūru pamatskola,55.33%,12,MAT9
Zvejniekciema vidusskola,54.21%,26,MAT9
Žīguru pamatskola,52.44%,9,MAT9
